STATUS  ,ITERATION ,CLIENT       ,DATE                     ,READY AFTER(MS) ,WATINGTIME(MS) ,REQUEST AFTER(MS) ,DONE AFTER(MS) ,MAX DELAY(MS)
STATUS  ,connected ,puppeteer_HL ,2024-07-24T07:27:30.961Z
STATUS  ,connected ,puppeteer    ,2024-07-24T07:27:34.930Z
STATUS  ,connected ,OpenWPM_HL   ,2024-07-24T07:27:43.898Z
STATUS  ,connected ,OpenWPM      ,2024-07-24T07:27:53.562Z
STATUS  ,ping      ,puppeteer_HL ,2024-07-24T07:27:53.565Z ,            1.5
STATUS  ,ping      ,puppeteer    ,2024-07-24T07:27:53.565Z ,            1.5
STATUS  ,ping      ,OpenWPM_HL   ,2024-07-24T07:27:53.565Z ,            1.5
STATUS  ,ping      ,OpenWPM      ,2024-07-24T07:27:53.567Z ,            2.5
CRAWLED ,url#1     ,puppeteer_HL ,2024-07-24T07:28:01.921Z ,          724   ,             0 ,             1544 ,          2807 ,         7884
CRAWLED ,url#1     ,puppeteer    ,2024-07-24T07:28:02.040Z ,         1100   ,             0 ,             1663 ,          2898 ,         7884
CRAWLED ,url#1     ,OpenWPM_HL   ,2024-07-24T07:28:09.798Z ,         7925   ,             0 ,             9421 ,          9383 ,         7884
CRAWLED ,url#1     ,OpenWPM      ,2024-07-24T07:28:09.805Z ,         9380   ,             0 ,             9428 ,          9387 ,         7884
CRAWLED ,url#2     ,puppeteer_HL ,2024-07-24T07:28:39.192Z ,         1168   ,             0 ,             1781 ,          3103 ,         5420
CRAWLED ,url#2     ,puppeteer    ,2024-07-24T07:28:38.973Z ,         1236   ,             0 ,             1562 ,          2869 ,         5420
CRAWLED ,url#2     ,OpenWPM_HL   ,2024-07-24T07:28:44.393Z ,         4915   ,             0 ,             6982 ,          6938 ,         5420
CRAWLED ,url#2     ,OpenWPM      ,2024-07-24T07:28:44.123Z ,         6144   ,             0 ,             6712 ,          6695 ,         5420
CRAWLED ,url#3     ,puppeteer_HL ,2024-07-24T07:29:03.969Z ,          862   ,             0 ,             1387 ,          2728 ,         5333
CRAWLED ,url#3     ,puppeteer    ,2024-07-24T07:29:04.160Z ,         1155   ,             0 ,             1578 ,          2950 ,         5333
CRAWLED ,url#3     ,OpenWPM_HL   ,2024-07-24T07:29:09.302Z ,         4885   ,             0 ,             6720 ,          6681 ,         5333
CRAWLED ,url#3     ,OpenWPM      ,2024-07-24T07:29:09.298Z ,         6148   ,             0 ,             6716 ,          6665 ,         5333
CRAWLED ,url#4     ,puppeteer_HL ,2024-07-24T07:29:29.139Z ,         1031   ,             0 ,             1691 ,          3087 ,         5161
CRAWLED ,url#4     ,puppeteer    ,2024-07-24T07:29:28.844Z ,         1174   ,             0 ,             1396 ,          2737 ,         5161
CRAWLED ,url#4     ,OpenWPM_HL   ,2024-07-24T07:29:33.851Z ,         4563   ,             0 ,             6403 ,          6384 ,         5161
CRAWLED ,url#4     ,OpenWPM      ,2024-07-24T07:29:34.005Z ,         5926   ,             0 ,             6557 ,          6535 ,         5161
CRAWLED ,url#5     ,puppeteer_HL ,2024-07-24T07:29:53.535Z ,          602   ,             0 ,             1322 ,          2531 ,         5767
CRAWLED ,url#5     ,puppeteer    ,2024-07-24T07:29:53.679Z ,         1000   ,             0 ,             1466 ,          2781 ,         5767
CRAWLED ,url#5     ,OpenWPM_HL   ,2024-07-24T07:29:59.302Z ,         5285   ,             0 ,             7089 ,          7054 ,         5767
CRAWLED ,url#5     ,OpenWPM      ,2024-07-24T07:29:59.145Z ,         6590   ,             0 ,             6932 ,          6911 ,         5767
CRAWLED ,url#6     ,puppeteer_HL ,2024-07-24T07:30:19.233Z ,         1049   ,             0 ,             1796 ,          3150 ,         5647
CRAWLED ,url#6     ,puppeteer    ,2024-07-24T07:30:18.739Z ,         1149   ,             0 ,             1302 ,          2637 ,         5647
CRAWLED ,url#6     ,OpenWPM_HL   ,2024-07-24T07:30:24.386Z ,         4829   ,             0 ,             6949 ,          6929 ,         5647
CRAWLED ,url#6     ,OpenWPM      ,2024-07-24T07:30:23.780Z ,         5977   ,             0 ,             6343 ,          6324 ,         5647
CRAWLED ,url#7     ,puppeteer_HL ,2024-07-24T07:30:43.867Z ,          703   ,             0 ,             1317 ,          2607 ,         5283
CRAWLED ,url#7     ,puppeteer    ,2024-07-24T07:30:44.240Z ,         1416   ,             0 ,             1690 ,          3013 ,         5283
CRAWLED ,url#7     ,OpenWPM_HL   ,2024-07-24T07:30:48.946Z ,         4649   ,             0 ,             6396 ,          6379 ,         5283
CRAWLED ,url#7     ,OpenWPM      ,2024-07-24T07:30:49.150Z ,         5833   ,             0 ,             6600 ,          6584 ,         5283
CRAWLED ,url#8     ,puppeteer_HL ,2024-07-24T07:31:08.454Z ,          713   ,             0 ,             1166 ,          2455 ,         5919
CRAWLED ,url#8     ,puppeteer    ,2024-07-24T07:31:09.239Z ,         1591   ,             0 ,             1951 ,          3250 ,         5919
CRAWLED ,url#8     ,OpenWPM_HL   ,2024-07-24T07:31:14.373Z ,         5051   ,             0 ,             7085 ,          7066 ,         5919
CRAWLED ,url#8     ,OpenWPM      ,2024-07-24T07:31:13.746Z ,         6002   ,             0 ,             6458 ,          6440 ,         5919
CRAWLED ,url#9     ,puppeteer_HL ,2024-07-24T07:31:43.923Z ,          817   ,             0 ,             1411 ,          2739 ,         5049
CRAWLED ,url#9     ,puppeteer    ,2024-07-24T07:31:44.070Z ,         1103   ,             0 ,             1558 ,          2876 ,         5049
CRAWLED ,url#9     ,OpenWPM_HL   ,2024-07-24T07:31:48.915Z ,         4587   ,             0 ,             6403 ,          6378 ,         5049
CRAWLED ,url#9     ,OpenWPM      ,2024-07-24T07:31:48.972Z ,         6179   ,             0 ,             6460 ,          6391 ,         5049
CRAWLED ,url#10    ,puppeteer_HL ,2024-07-24T07:32:18.601Z ,          846   ,             0 ,             1546 ,          2860 ,         5459
CRAWLED ,url#10    ,puppeteer    ,2024-07-24T07:32:18.649Z ,         1094   ,             0 ,             1594 ,          2916 ,         5459
CRAWLED ,url#10    ,OpenWPM_HL   ,2024-07-24T07:32:24.060Z ,         4816   ,             0 ,             7005 ,          6982 ,         5459
CRAWLED ,url#10    ,OpenWPM      ,2024-07-24T07:32:23.791Z ,         6156   ,             0 ,             6736 ,          6716 ,         5459
CRAWLED ,url#11    ,puppeteer_HL ,2024-07-24T07:32:43.738Z ,         1029   ,             0 ,             1567 ,          2840 ,         5124
CRAWLED ,url#11    ,puppeteer    ,2024-07-24T07:32:43.782Z ,         1290   ,             0 ,             1611 ,          2961 ,         5124
CRAWLED ,url#11    ,OpenWPM_HL   ,2024-07-24T07:32:48.862Z ,         5595   ,             0 ,             6691 ,          6672 ,         5124
CRAWLED ,url#11    ,OpenWPM      ,2024-07-24T07:32:48.687Z ,         6286   ,             0 ,             6516 ,          6494 ,         5124
CRAWLED ,url#12    ,puppeteer_HL ,2024-07-24T07:33:08.874Z ,         1070   ,             0 ,             1864 ,          3203 ,         4774
CRAWLED ,url#12    ,puppeteer    ,2024-07-24T07:33:08.985Z ,         1482   ,             0 ,             1975 ,          3282 ,         4774
CRAWLED ,url#12    ,OpenWPM_HL   ,2024-07-24T07:33:13.648Z ,         4739   ,             0 ,             6638 ,          6617 ,         4774
CRAWLED ,url#12    ,OpenWPM      ,2024-07-24T07:33:13.514Z ,         5815   ,             0 ,             6504 ,          6485 ,         4774
CRAWLED ,url#13    ,puppeteer_HL ,2024-07-24T07:33:43.404Z ,          885   ,             0 ,             1611 ,          2920 ,         4992
CRAWLED ,url#13    ,puppeteer    ,2024-07-24T07:33:43.595Z ,         1388   ,             0 ,             1802 ,          3356 ,         4992
CRAWLED ,url#13    ,OpenWPM_HL   ,2024-07-24T07:33:48.396Z ,         4781   ,             0 ,             6603 ,          6578 ,         4992
CRAWLED ,url#13    ,OpenWPM      ,2024-07-24T07:33:48.367Z ,         6156   ,             0 ,             6574 ,          6555 ,         4992
CRAWLED ,url#14    ,puppeteer_HL ,2024-07-24T07:34:18.049Z ,          834   ,             0 ,             1502 ,          2858 ,         4986
CRAWLED ,url#14    ,puppeteer    ,2024-07-24T07:34:18.300Z ,         1312   ,             0 ,             1753 ,          3093 ,         4986
CRAWLED ,url#14    ,OpenWPM_HL   ,2024-07-24T07:34:23.035Z ,         4757   ,             0 ,             6488 ,          6468 ,         4986
CRAWLED ,url#14    ,OpenWPM      ,2024-07-24T07:34:22.912Z ,         5715   ,             0 ,             6365 ,          6349 ,         4986
CRAWLED ,url#15    ,puppeteer_HL ,2024-07-24T07:34:52.788Z ,         1018   ,             0 ,             1618 ,          2920 ,         4859
CRAWLED ,url#15    ,puppeteer    ,2024-07-24T07:34:52.798Z ,         1217   ,             0 ,             1628 ,          2953 ,         4859
CRAWLED ,url#15    ,OpenWPM_HL   ,2024-07-24T07:34:57.451Z ,         4629   ,             0 ,             6281 ,          6258 ,         4859
CRAWLED ,url#15    ,OpenWPM      ,2024-07-24T07:34:57.647Z ,         5935   ,             0 ,             6477 ,          6462 ,         4859
CRAWLED ,url#16    ,puppeteer_HL ,2024-07-24T07:35:27.194Z ,          954   ,             0 ,             1588 ,          2889 ,         5078
CRAWLED ,url#16    ,puppeteer    ,2024-07-24T07:35:27.333Z ,         1309   ,             0 ,             1727 ,          3064 ,         5078
CRAWLED ,url#16    ,OpenWPM_HL   ,2024-07-24T07:35:32.272Z ,         4666   ,             0 ,             6666 ,          6642 ,         5078
CRAWLED ,url#16    ,OpenWPM      ,2024-07-24T07:35:31.999Z ,         6015   ,             0 ,             6393 ,          6371 ,         5078
CRAWLED ,url#17    ,puppeteer_HL ,2024-07-24T07:35:52.254Z ,         1294   ,             0 ,             1817 ,          3125 ,         5270
CRAWLED ,url#17    ,puppeteer    ,2024-07-24T07:35:52.048Z ,         1346   ,             0 ,             1611 ,          2918 ,         5270
CRAWLED ,url#17    ,OpenWPM_HL   ,2024-07-24T07:35:57.090Z ,         4619   ,             0 ,             6653 ,          6633 ,         5270
CRAWLED ,url#17    ,OpenWPM      ,2024-07-24T07:35:57.318Z ,         5969   ,             0 ,             6881 ,          6863 ,         5270
CRAWLED ,url#18    ,puppeteer_HL ,2024-07-24T07:36:16.815Z ,          692   ,             0 ,             1349 ,          2626 ,         5272
CRAWLED ,url#18    ,puppeteer    ,2024-07-24T07:36:17.133Z ,         1441   ,             0 ,             1667 ,          3002 ,         5272
CRAWLED ,url#18    ,OpenWPM_HL   ,2024-07-24T07:36:21.768Z ,         4592   ,             0 ,             6302 ,          6288 ,         5272
CRAWLED ,url#18    ,OpenWPM      ,2024-07-24T07:36:22.087Z ,         5855   ,             0 ,             6621 ,          6601 ,         5272
CRAWLED ,url#19    ,puppeteer_HL ,2024-07-24T07:36:41.886Z ,         1228   ,             0 ,             1745 ,          3055 ,         5646
CRAWLED ,url#19    ,puppeteer    ,2024-07-24T07:36:41.430Z ,          908   ,             0 ,             1289 ,          2595 ,         5646
CRAWLED ,url#19    ,OpenWPM_HL   ,2024-07-24T07:36:46.999Z ,         5082   ,             0 ,             6858 ,          6840 ,         5646
CRAWLED ,url#19    ,OpenWPM      ,2024-07-24T07:36:47.076Z ,         5966   ,             0 ,             6935 ,          6918 ,         5646
CRAWLED ,url#20    ,puppeteer_HL ,2024-07-24T07:37:06.872Z ,          928   ,             0 ,             1583 ,          2886 ,         5258
CRAWLED ,url#20    ,puppeteer    ,2024-07-24T07:37:06.890Z ,         1268   ,             0 ,             1601 ,          2992 ,         5258
CRAWLED ,url#20    ,OpenWPM_HL   ,2024-07-24T07:37:12.130Z ,         5008   ,             0 ,             6841 ,          6823 ,         5258
CRAWLED ,url#20    ,OpenWPM      ,2024-07-24T07:37:11.804Z ,         5949   ,             0 ,             6515 ,          6497 ,         5258
CRAWLED ,url#21    ,puppeteer_HL ,2024-07-24T07:37:31.919Z ,         1302   ,             0 ,             1641 ,          2960 ,         5772
CRAWLED ,url#21    ,puppeteer    ,2024-07-24T07:37:31.940Z ,         1309   ,             0 ,             1662 ,          2995 ,         5772
CRAWLED ,url#21    ,OpenWPM_HL   ,2024-07-24T07:37:37.691Z ,         5286   ,             0 ,             7413 ,          7396 ,         5772
CRAWLED ,url#21    ,OpenWPM      ,2024-07-24T07:37:37.458Z ,         6349   ,             0 ,             7180 ,          7163 ,         5772
CRAWLED ,url#22    ,puppeteer_HL ,2024-07-24T07:38:07.134Z ,          739   ,             0 ,             1276 ,          2668 ,         5496
CRAWLED ,url#22    ,puppeteer    ,2024-07-24T07:38:07.733Z ,         1408   ,             0 ,             1875 ,          3179 ,         5496
CRAWLED ,url#22    ,OpenWPM_HL   ,2024-07-24T07:38:12.630Z ,         4618   ,             0 ,             6772 ,          6753 ,         5496
CRAWLED ,url#22    ,OpenWPM      ,2024-07-24T07:38:12.157Z ,         5705   ,             0 ,             6299 ,          6282 ,         5496
CRAWLED ,url#23    ,puppeteer_HL ,2024-07-24T07:38:42.492Z ,         1119   ,             0 ,             1698 ,          3046 ,         5315
CRAWLED ,url#23    ,puppeteer    ,2024-07-24T07:38:42.451Z ,         1350   ,             0 ,             1657 ,          3032 ,         5315
CRAWLED ,url#23    ,OpenWPM_HL   ,2024-07-24T07:38:46.924Z ,         4641   ,             0 ,             6130 ,          6107 ,         5315
CRAWLED ,url#23    ,OpenWPM      ,2024-07-24T07:38:47.766Z ,         6047   ,             0 ,             6972 ,          6939 ,         5315
CRAWLED ,url#24    ,puppeteer_HL ,2024-07-24T07:39:07.695Z ,         1203   ,             0 ,             1801 ,          3183 ,         5722
CRAWLED ,url#24    ,puppeteer    ,2024-07-24T07:39:07.072Z ,          964   ,             0 ,             1178 ,          2466 ,         5722
CRAWLED ,url#24    ,OpenWPM_HL   ,2024-07-24T07:39:12.794Z ,         5147   ,             0 ,             6900 ,          6876 ,         5722
CRAWLED ,url#24    ,OpenWPM      ,2024-07-24T07:39:12.638Z ,         6128   ,             0 ,             6744 ,          6722 ,         5722
CRAWLED ,url#25    ,puppeteer_HL ,2024-07-24T07:39:32.723Z ,         1200   ,             0 ,             1797 ,          3076 ,         4925
CRAWLED ,url#25    ,puppeteer    ,2024-07-24T07:39:32.809Z ,         1540   ,             0 ,             1883 ,          3207 ,         4925
CRAWLED ,url#25    ,OpenWPM_HL   ,2024-07-24T07:39:37.648Z ,         4856   ,             0 ,             6722 ,          6706 ,         4925
CRAWLED ,url#25    ,OpenWPM      ,2024-07-24T07:39:37.197Z ,         5910   ,             0 ,             6271 ,          6249 ,         4925
CRAWLED ,url#26    ,puppeteer_HL ,2024-07-24T07:40:06.840Z ,          795   ,             0 ,             1474 ,          2781 ,         5074
CRAWLED ,url#26    ,puppeteer    ,2024-07-24T07:40:07.041Z ,         1328   ,             0 ,             1675 ,          3037 ,         5074
CRAWLED ,url#26    ,OpenWPM_HL   ,2024-07-24T07:40:11.651Z ,         4586   ,             0 ,             6285 ,          6259 ,         5074
CRAWLED ,url#26    ,OpenWPM      ,2024-07-24T07:40:11.914Z ,         5968   ,             0 ,             6548 ,          6526 ,         5074
CRAWLED ,url#27    ,puppeteer_HL ,2024-07-24T07:40:31.092Z ,          605   ,             0 ,             1015 ,          2348 ,         5874
CRAWLED ,url#27    ,puppeteer    ,2024-07-24T07:40:31.971Z ,         1633   ,             0 ,             1894 ,          3235 ,         5874
CRAWLED ,url#27    ,OpenWPM_HL   ,2024-07-24T07:40:36.966Z ,         4895   ,             0 ,             6889 ,          6845 ,         5874
CRAWLED ,url#27    ,OpenWPM      ,2024-07-24T07:40:36.904Z ,         6152   ,             0 ,             6827 ,          6810 ,         5874
CRAWLED ,url#28    ,puppeteer_HL ,2024-07-24T07:40:56.469Z ,          746   ,             0 ,             1368 ,          2680 ,         5595
CRAWLED ,url#28    ,puppeteer    ,2024-07-24T07:40:56.673Z ,         1100   ,             0 ,             1572 ,          2924 ,         5595
CRAWLED ,url#28    ,OpenWPM_HL   ,2024-07-24T07:41:02.064Z ,         5160   ,             0 ,             6963 ,          6943 ,         5595
CRAWLED ,url#28    ,OpenWPM      ,2024-07-24T07:41:01.738Z ,         5811   ,             0 ,             6637 ,          6622 ,         5595
CRAWLED ,url#29    ,puppeteer_HL ,2024-07-24T07:41:21.893Z ,         1112   ,             0 ,             1693 ,          3011 ,         5370
CRAWLED ,url#29    ,puppeteer    ,2024-07-24T07:41:21.849Z ,         1347   ,             0 ,             1649 ,          2994 ,         5370
CRAWLED ,url#29    ,OpenWPM_HL   ,2024-07-24T07:41:26.329Z ,         4483   ,             0 ,             6129 ,          6067 ,         5370
CRAWLED ,url#29    ,OpenWPM      ,2024-07-24T07:41:27.219Z ,         6043   ,             0 ,             7019 ,          6997 ,         5370
CRAWLED ,url#30    ,puppeteer_HL ,2024-07-24T07:41:46.812Z ,          791   ,             0 ,             1425 ,          2771 ,         5273
CRAWLED ,url#30    ,puppeteer    ,2024-07-24T07:41:46.946Z ,         1183   ,             0 ,             1559 ,          2934 ,         5273
CRAWLED ,url#30    ,OpenWPM_HL   ,2024-07-24T07:41:51.965Z ,         4954   ,             0 ,             6578 ,          6559 ,         5273
CRAWLED ,url#30    ,OpenWPM      ,2024-07-24T07:41:52.085Z ,         6169   ,             0 ,             6698 ,          6681 ,         5273
CRAWLED ,url#31    ,puppeteer_HL ,2024-07-24T07:42:21.660Z ,          774   ,             0 ,             1403 ,          2705 ,         5188
CRAWLED ,url#31    ,puppeteer    ,2024-07-24T07:42:21.818Z ,         1228   ,             0 ,             1561 ,          2913 ,         5188
CRAWLED ,url#31    ,OpenWPM_HL   ,2024-07-24T07:42:26.528Z ,         4503   ,             0 ,             6271 ,          6224 ,         5188
CRAWLED ,url#31    ,OpenWPM      ,2024-07-24T07:42:26.848Z ,         5839   ,             0 ,             6591 ,          6572 ,         5188
CRAWLED ,url#32    ,puppeteer_HL ,2024-07-24T07:42:55.921Z ,          689   ,             0 ,             1279 ,          2591 ,         5148
CRAWLED ,url#32    ,puppeteer    ,2024-07-24T07:42:56.134Z ,         1169   ,             0 ,             1492 ,          2843 ,         5148
CRAWLED ,url#32    ,OpenWPM_HL   ,2024-07-24T07:43:01.002Z ,         4480   ,             0 ,             6360 ,          6342 ,         5148
CRAWLED ,url#32    ,OpenWPM      ,2024-07-24T07:43:01.069Z ,         5813   ,             0 ,             6427 ,          6404 ,         5148
CRAWLED ,url#33    ,puppeteer_HL ,2024-07-24T07:43:20.946Z ,         1030   ,             0 ,             1734 ,          3045 ,         5511
CRAWLED ,url#33    ,puppeteer    ,2024-07-24T07:43:20.497Z ,         1033   ,             0 ,             1285 ,          2567 ,         5511
CRAWLED ,url#33    ,OpenWPM_HL   ,2024-07-24T07:43:25.775Z ,         4793   ,             0 ,             6563 ,          6546 ,         5511
CRAWLED ,url#33    ,OpenWPM      ,2024-07-24T07:43:26.008Z ,         6161   ,             0 ,             6796 ,          6779 ,         5511
CRAWLED ,url#34    ,puppeteer_HL ,2024-07-24T07:43:45.464Z ,          735   ,             0 ,             1285 ,          2562 ,         5328
CRAWLED ,url#34    ,puppeteer    ,2024-07-24T07:43:45.736Z ,         1092   ,             0 ,             1557 ,          2912 ,         5328
CRAWLED ,url#34    ,OpenWPM_HL   ,2024-07-24T07:43:50.792Z ,         4840   ,             0 ,             6613 ,          6580 ,         5328
CRAWLED ,url#34    ,OpenWPM      ,2024-07-24T07:43:50.715Z ,         5781   ,             0 ,             6536 ,          6519 ,         5328
CRAWLED ,url#35    ,puppeteer_HL ,2024-07-24T07:44:10.634Z ,         1011   ,             0 ,             1688 ,          2967 ,         4877
CRAWLED ,url#35    ,puppeteer    ,2024-07-24T07:44:10.775Z ,         1393   ,             0 ,             1829 ,          3150 ,         4877
CRAWLED ,url#35    ,OpenWPM_HL   ,2024-07-24T07:44:15.511Z ,         4417   ,             0 ,             6565 ,          6544 ,         4877
CRAWLED ,url#35    ,OpenWPM      ,2024-07-24T07:44:14.984Z ,         5588   ,             0 ,             6038 ,          6020 ,         4877
CRAWLED ,url#36    ,puppeteer_HL ,2024-07-24T07:44:45.482Z ,         1119   ,             0 ,             1804 ,          3116 ,         5352
CRAWLED ,url#36    ,puppeteer    ,2024-07-24T07:44:45.268Z ,         1176   ,             0 ,             1590 ,          2879 ,         5352
CRAWLED ,url#36    ,OpenWPM_HL   ,2024-07-24T07:44:50.620Z ,         4928   ,             0 ,             6942 ,          6911 ,         5352
CRAWLED ,url#36    ,OpenWPM      ,2024-07-24T07:44:50.558Z ,         6183   ,             0 ,             6880 ,          6860 ,         5352
CRAWLED ,url#37    ,puppeteer_HL ,2024-07-24T07:45:20.247Z ,          967   ,             0 ,             1578 ,          2910 ,         5338
CRAWLED ,url#37    ,puppeteer    ,2024-07-24T07:45:20.414Z ,         1172   ,             0 ,             1745 ,          3074 ,         5338
CRAWLED ,url#37    ,OpenWPM_HL   ,2024-07-24T07:45:25.585Z ,         4763   ,             0 ,             6916 ,          6899 ,         5338
CRAWLED ,url#37    ,OpenWPM      ,2024-07-24T07:45:25.469Z ,         5874   ,             0 ,             6800 ,          6778 ,         5338
CRAWLED ,url#38    ,puppeteer_HL ,2024-07-24T07:45:45.460Z ,         1087   ,             0 ,             1699 ,          3026 ,         5270
CRAWLED ,url#38    ,puppeteer    ,2024-07-24T07:45:45.721Z ,         1681   ,             0 ,             1960 ,          3223 ,         5270
CRAWLED ,url#38    ,OpenWPM_HL   ,2024-07-24T07:45:50.730Z ,         5284   ,             0 ,             6969 ,          6939 ,         5270
CRAWLED ,url#38    ,OpenWPM      ,2024-07-24T07:45:50.636Z ,         6242   ,             0 ,             6875 ,          6875 ,         5270
CRAWLED ,url#39    ,puppeteer_HL ,2024-07-24T07:46:20.042Z ,          726   ,             0 ,             1254 ,          2546 ,         5411
CRAWLED ,url#39    ,puppeteer    ,2024-07-24T07:46:20.413Z ,         1206   ,             0 ,             1625 ,          2966 ,         5411
CRAWLED ,url#39    ,OpenWPM_HL   ,2024-07-24T07:46:25.453Z ,         4764   ,             0 ,             6665 ,          6642 ,         5411
CRAWLED ,url#39    ,OpenWPM      ,2024-07-24T07:46:24.951Z ,         5552   ,             0 ,             6163 ,          6141 ,         5411
CRAWLED ,url#40    ,puppeteer_HL ,2024-07-24T07:46:55.080Z ,          884   ,             0 ,             1469 ,          2792 ,         5079
CRAWLED ,url#40    ,puppeteer    ,2024-07-24T07:46:55.369Z ,         1275   ,             0 ,             1758 ,          3104 ,         5079
CRAWLED ,url#40    ,OpenWPM_HL   ,2024-07-24T07:47:00.070Z ,         4980   ,             0 ,             6459 ,          6439 ,         5079
CRAWLED ,url#40    ,OpenWPM      ,2024-07-24T07:47:00.159Z ,         5734   ,             0 ,             6548 ,          6531 ,         5079
CRAWLED ,url#41    ,puppeteer_HL ,2024-07-24T07:47:19.731Z ,          737   ,             0 ,             1435 ,          2716 ,         5458
CRAWLED ,url#41    ,puppeteer    ,2024-07-24T07:47:20.024Z ,         1252   ,             0 ,             1728 ,          3043 ,         5458
CRAWLED ,url#41    ,OpenWPM_HL   ,2024-07-24T07:47:25.189Z ,         4613   ,             0 ,             6893 ,          6868 ,         5458
CRAWLED ,url#41    ,OpenWPM      ,2024-07-24T07:47:25.170Z ,         6066   ,             0 ,             6874 ,          6851 ,         5458
CRAWLED ,url#42    ,puppeteer_HL ,2024-07-24T07:47:55.009Z ,         1065   ,             0 ,             1663 ,          2997 ,         5832
CRAWLED ,url#42    ,puppeteer    ,2024-07-24T07:47:54.476Z ,         1041   ,             0 ,             1130 ,          2530 ,         5832
CRAWLED ,url#42    ,OpenWPM_HL   ,2024-07-24T07:48:00.308Z ,         4919   ,             0 ,             6962 ,          6940 ,         5832
CRAWLED ,url#42    ,OpenWPM      ,2024-07-24T07:47:59.817Z ,         5634   ,             0 ,             6471 ,          6457 ,         5832
CRAWLED ,url#43    ,puppeteer_HL ,2024-07-24T07:48:19.814Z ,          733   ,             0 ,             1374 ,          2666 ,         5193
CRAWLED ,url#43    ,puppeteer    ,2024-07-24T07:48:20.018Z ,         1091   ,             0 ,             1578 ,          2944 ,         5193
CRAWLED ,url#43    ,OpenWPM_HL   ,2024-07-24T07:48:25.007Z ,         4488   ,             0 ,             6567 ,          6536 ,         5193
CRAWLED ,url#43    ,OpenWPM      ,2024-07-24T07:48:24.869Z ,         5729   ,             0 ,             6429 ,          6408 ,         5193
CRAWLED ,url#44    ,puppeteer_HL ,2024-07-24T07:48:54.741Z ,         1004   ,             0 ,             1609 ,          2903 ,         5179
CRAWLED ,url#44    ,puppeteer    ,2024-07-24T07:48:54.922Z ,         1343   ,             0 ,             1790 ,          3066 ,         5179
CRAWLED ,url#44    ,OpenWPM_HL   ,2024-07-24T07:48:59.920Z ,         4966   ,             0 ,             6788 ,          6773 ,         5179
CRAWLED ,url#44    ,OpenWPM      ,2024-07-24T07:48:59.576Z ,         5944   ,             0 ,             6444 ,          6423 ,         5179
CRAWLED ,url#45    ,puppeteer_HL ,2024-07-24T07:49:19.139Z ,          560   ,             0 ,             1049 ,          2276 ,         6087
CRAWLED ,url#45    ,puppeteer    ,2024-07-24T07:49:19.837Z ,         1452   ,             0 ,             1747 ,          3036 ,         6087
CRAWLED ,url#45    ,OpenWPM_HL   ,2024-07-24T07:49:25.226Z ,         4978   ,             0 ,             7136 ,          7120 ,         6087
CRAWLED ,url#45    ,OpenWPM      ,2024-07-24T07:49:24.780Z ,         6104   ,             0 ,             6690 ,          6673 ,         6087
CRAWLED ,url#46    ,puppeteer_HL ,2024-07-24T07:49:44.922Z ,          973   ,             0 ,             1562 ,          2875 ,         4820
CRAWLED ,url#46    ,puppeteer    ,2024-07-24T07:49:45.266Z ,         1485   ,             0 ,             1906 ,          3160 ,         4820
CRAWLED ,url#46    ,OpenWPM_HL   ,2024-07-24T07:49:49.742Z ,         4358   ,             0 ,             6382 ,          6364 ,         4820
CRAWLED ,url#46    ,OpenWPM      ,2024-07-24T07:49:49.615Z ,         5522   ,             0 ,             6255 ,          6233 ,         4820
CRAWLED ,url#47    ,puppeteer_HL ,2024-07-24T07:50:09.174Z ,          665   ,             0 ,             1294 ,          2595 ,         5203
CRAWLED ,url#47    ,puppeteer    ,2024-07-24T07:50:09.438Z ,         1050   ,             0 ,             1558 ,          2902 ,         5203
CRAWLED ,url#47    ,OpenWPM_HL   ,2024-07-24T07:50:14.377Z ,         4614   ,             0 ,             6497 ,          6471 ,         5203
CRAWLED ,url#47    ,OpenWPM      ,2024-07-24T07:50:14.309Z ,         5725   ,             0 ,             6429 ,          6413 ,         5203
CRAWLED ,url#48    ,puppeteer_HL ,2024-07-24T07:50:44.056Z ,          998   ,             0 ,             1611 ,          2932 ,         4862
CRAWLED ,url#48    ,puppeteer    ,2024-07-24T07:50:44.213Z ,         1352   ,             0 ,             1768 ,          3084 ,         4862
CRAWLED ,url#48    ,OpenWPM_HL   ,2024-07-24T07:50:48.918Z ,         4382   ,             0 ,             6473 ,          6458 ,         4862
CRAWLED ,url#48    ,OpenWPM      ,2024-07-24T07:50:48.628Z ,         5616   ,             0 ,             6183 ,          6166 ,         4862
CRAWLED ,url#49    ,puppeteer_HL ,2024-07-24T07:51:18.543Z ,         1150   ,             0 ,             1741 ,          3065 ,         5017
CRAWLED ,url#49    ,puppeteer    ,2024-07-24T07:51:18.823Z ,         1826   ,             0 ,             2021 ,          3306 ,         5017
CRAWLED ,url#49    ,OpenWPM_HL   ,2024-07-24T07:51:23.560Z ,         4743   ,             0 ,             6758 ,          6740 ,         5017
CRAWLED ,url#49    ,OpenWPM      ,2024-07-24T07:51:23.183Z ,         5609   ,             0 ,             6381 ,          6361 ,         5017
CRAWLED ,url#50    ,puppeteer_HL ,2024-07-24T07:51:52.959Z ,          733   ,             0 ,             1239 ,          2535 ,         5383
CRAWLED ,url#50    ,puppeteer    ,2024-07-24T07:51:53.195Z ,         1123   ,             0 ,             1475 ,          2896 ,         5383
CRAWLED ,url#50    ,OpenWPM_HL   ,2024-07-24T07:51:58.325Z ,         4710   ,             0 ,             6605 ,          6584 ,         5383
CRAWLED ,url#50    ,OpenWPM      ,2024-07-24T07:51:58.342Z ,         5850   ,             0 ,             6622 ,          6604 ,         5383
CRAWLED ,url#51    ,puppeteer_HL ,2024-07-24T07:52:28.173Z ,          912   ,             0 ,             1584 ,          2840 ,         4967
CRAWLED ,url#51    ,puppeteer    ,2024-07-24T07:52:28.444Z ,         1399   ,             0 ,             1855 ,          3139 ,         4967
CRAWLED ,url#51    ,OpenWPM_HL   ,2024-07-24T07:52:33.140Z ,         5284   ,             0 ,             6551 ,          6536 ,         4967
CRAWLED ,url#51    ,OpenWPM      ,2024-07-24T07:52:32.857Z ,         5776   ,             0 ,             6268 ,          6248 ,         4967
CRAWLED ,url#52    ,puppeteer_HL ,2024-07-24T07:52:52.836Z ,          846   ,             0 ,             1536 ,          2975 ,         4913
CRAWLED ,url#52    ,puppeteer    ,2024-07-24T07:52:53.151Z ,         1446   ,             0 ,             1851 ,          3176 ,         4913
CRAWLED ,url#52    ,OpenWPM_HL   ,2024-07-24T07:52:57.392Z ,         4254   ,             0 ,             6092 ,          6076 ,         4913
CRAWLED ,url#52    ,OpenWPM      ,2024-07-24T07:52:57.749Z ,         5631   ,             0 ,             6449 ,          6435 ,         4913
CRAWLED ,url#53    ,puppeteer_HL ,2024-07-24T07:53:27.440Z ,          948   ,             0 ,             1535 ,          2825 ,         4895
CRAWLED ,url#53    ,puppeteer    ,2024-07-24T07:53:27.656Z ,         1389   ,             0 ,             1751 ,          3034 ,         4895
CRAWLED ,url#53    ,OpenWPM_HL   ,2024-07-24T07:53:32.227Z ,         4496   ,             0 ,             6322 ,          6303 ,         4895
CRAWLED ,url#53    ,OpenWPM      ,2024-07-24T07:53:32.335Z ,         5717   ,             0 ,             6430 ,          6411 ,         4895
CRAWLED ,url#54    ,puppeteer_HL ,2024-07-24T07:53:51.798Z ,          781   ,             0 ,             1327 ,          2577 ,         5683
CRAWLED ,url#54    ,puppeteer    ,2024-07-24T07:53:51.889Z ,         1103   ,             0 ,             1418 ,          2742 ,         5683
CRAWLED ,url#54    ,OpenWPM_HL   ,2024-07-24T07:53:57.481Z ,         5617   ,             0 ,             7010 ,          6992 ,         5683
CRAWLED ,url#54    ,OpenWPM      ,2024-07-24T07:53:57.313Z ,         6285   ,             0 ,             6842 ,          6820 ,         5683
CRAWLED ,url#55    ,puppeteer_HL ,2024-07-24T07:54:16.872Z ,          836   ,             0 ,             1273 ,          2539 ,         5685
CRAWLED ,url#55    ,puppeteer    ,2024-07-24T07:54:17.469Z ,         1444   ,             0 ,             1870 ,          3151 ,         5685
CRAWLED ,url#55    ,OpenWPM_HL   ,2024-07-24T07:54:22.557Z ,         5143   ,             0 ,             6958 ,          6937 ,         5685
CRAWLED ,url#55    ,OpenWPM      ,2024-07-24T07:54:22.458Z ,         6084   ,             0 ,             6859 ,          6842 ,         5685
CRAWLED ,url#56    ,puppeteer_HL ,2024-07-24T07:54:42.059Z ,          788   ,             0 ,             1364 ,          2686 ,         5150
CRAWLED ,url#56    ,puppeteer    ,2024-07-24T07:54:42.229Z ,         1195   ,             0 ,             1534 ,          2851 ,         5150
CRAWLED ,url#56    ,OpenWPM_HL   ,2024-07-24T07:54:47.209Z ,         4971   ,             0 ,             6514 ,          6499 ,         5150
CRAWLED ,url#56    ,OpenWPM      ,2024-07-24T07:54:46.912Z ,         5774   ,             0 ,             6217 ,          6200 ,         5150
CRAWLED ,url#57    ,puppeteer_HL ,2024-07-24T07:55:16.848Z ,          765   ,             0 ,             1467 ,          2774 ,         5236
CRAWLED ,url#57    ,puppeteer    ,2024-07-24T07:55:16.896Z ,         1181   ,             0 ,             1515 ,          2828 ,         5236
CRAWLED ,url#57    ,OpenWPM_HL   ,2024-07-24T07:55:22.084Z ,         4654   ,             0 ,             6703 ,          6679 ,         5236
CRAWLED ,url#57    ,OpenWPM      ,2024-07-24T07:55:22.033Z ,         5928   ,             0 ,             6652 ,          6635 ,         5236
CRAWLED ,url#58    ,puppeteer_HL ,2024-07-24T07:55:51.838Z ,          908   ,             0 ,             1560 ,          2906 ,         5150
CRAWLED ,url#58    ,puppeteer    ,2024-07-24T07:55:52.058Z ,         1443   ,             0 ,             1780 ,          3094 ,         5150
CRAWLED ,url#58    ,OpenWPM_HL   ,2024-07-24T07:55:56.988Z ,         4719   ,             0 ,             6710 ,          6690 ,         5150
CRAWLED ,url#58    ,OpenWPM      ,2024-07-24T07:55:56.916Z ,         6044   ,             0 ,             6638 ,          6617 ,         5150
CRAWLED ,url#59    ,puppeteer_HL ,2024-07-24T07:56:26.375Z ,          714   ,             0 ,             1316 ,          2596 ,         5329
CRAWLED ,url#59    ,puppeteer    ,2024-07-24T07:56:26.641Z ,         1137   ,             0 ,             1582 ,          2926 ,         5329
CRAWLED ,url#59    ,OpenWPM_HL   ,2024-07-24T07:56:31.563Z ,         4425   ,             0 ,             6504 ,          6499 ,         5329
CRAWLED ,url#59    ,OpenWPM      ,2024-07-24T07:56:31.704Z ,         5837   ,             0 ,             6645 ,          6621 ,         5329
CRAWLED ,url#60    ,puppeteer_HL ,2024-07-24T07:57:01.242Z ,          835   ,             0 ,             1405 ,          2731 ,         5095
CRAWLED ,url#60    ,puppeteer    ,2024-07-24T07:57:01.594Z ,         1317   ,             0 ,             1757 ,          3102 ,         5095
CRAWLED ,url#60    ,OpenWPM_HL   ,2024-07-24T07:57:06.230Z ,         4369   ,             0 ,             6393 ,          6374 ,         5095
CRAWLED ,url#60    ,OpenWPM      ,2024-07-24T07:57:06.337Z ,         5710   ,             0 ,             6500 ,          6479 ,         5095
CRAWLED ,url#61    ,puppeteer_HL ,2024-07-24T07:57:26.193Z ,         1063   ,             0 ,             1723 ,          3047 ,         4843
CRAWLED ,url#61    ,puppeteer    ,2024-07-24T07:57:26.405Z ,         1488   ,             0 ,             1935 ,          3211 ,         4843
CRAWLED ,url#61    ,OpenWPM_HL   ,2024-07-24T07:57:30.415Z ,         4320   ,             0 ,             5945 ,          5929 ,         4843
CRAWLED ,url#61    ,OpenWPM      ,2024-07-24T07:57:31.036Z ,         5635   ,             0 ,             6566 ,          6549 ,         4843
CRAWLED ,url#62    ,puppeteer_HL ,2024-07-24T07:57:50.587Z ,          846   ,             0 ,             1391 ,          2706 ,         4974
CRAWLED ,url#62    ,puppeteer    ,2024-07-24T07:57:50.746Z ,         1133   ,             0 ,             1550 ,          2884 ,         4974
CRAWLED ,url#62    ,OpenWPM_HL   ,2024-07-24T07:57:55.561Z ,         4320   ,             0 ,             6365 ,          6349 ,         4974
CRAWLED ,url#62    ,OpenWPM      ,2024-07-24T07:57:55.417Z ,         5527   ,             0 ,             6221 ,          6204 ,         4974
CRAWLED ,url#63    ,puppeteer_HL ,2024-07-24T07:58:15.583Z ,         1282   ,             0 ,             1903 ,          3220 ,         5261
CRAWLED ,url#63    ,puppeteer    ,2024-07-24T07:58:15.614Z ,         1700   ,             0 ,             1934 ,          3280 ,         5261
CRAWLED ,url#63    ,OpenWPM_HL   ,2024-07-24T07:58:20.692Z ,         5067   ,             0 ,             7012 ,          6987 ,         5261
CRAWLED ,url#63    ,OpenWPM      ,2024-07-24T07:58:20.844Z ,         6480   ,             0 ,             7164 ,          7148 ,         5261
CRAWLED ,url#64    ,puppeteer_HL ,2024-07-24T07:58:40.410Z ,          725   ,             0 ,             1405 ,          2800 ,         5640
CRAWLED ,url#64    ,puppeteer    ,2024-07-24T07:58:40.539Z ,         1200   ,             0 ,             1534 ,          2877 ,         5640
CRAWLED ,url#64    ,OpenWPM_HL   ,2024-07-24T07:58:46.050Z ,         5022   ,             0 ,             7045 ,          7024 ,         5640
CRAWLED ,url#64    ,OpenWPM      ,2024-07-24T07:58:45.919Z ,         6383   ,             0 ,             6914 ,          6896 ,         5640
CRAWLED ,url#65    ,puppeteer_HL ,2024-07-24T07:59:05.338Z ,          624   ,             0 ,             1157 ,          2468 ,         5515
CRAWLED ,url#65    ,puppeteer    ,2024-07-24T07:59:05.946Z ,         1385   ,             0 ,             1765 ,          3052 ,         5515
CRAWLED ,url#65    ,OpenWPM_HL   ,2024-07-24T07:59:10.853Z ,         4700   ,             0 ,             6672 ,          6654 ,         5515
CRAWLED ,url#65    ,OpenWPM      ,2024-07-24T07:59:10.403Z ,         5509   ,             0 ,             6222 ,          6205 ,         5515
CRAWLED ,url#66    ,puppeteer_HL ,2024-07-24T07:59:30.070Z ,          618   ,             0 ,             1055 ,          2371 ,         5560
CRAWLED ,url#66    ,puppeteer    ,2024-07-24T07:59:30.896Z ,         1519   ,             0 ,             1881 ,          3163 ,         5560
CRAWLED ,url#66    ,OpenWPM_HL   ,2024-07-24T07:59:35.592Z ,         4817   ,             0 ,             6577 ,          6560 ,         5560
CRAWLED ,url#66    ,OpenWPM      ,2024-07-24T07:59:35.630Z ,         5932   ,             0 ,             6615 ,          6590 ,         5560
CRAWLED ,url#67    ,puppeteer_HL ,2024-07-24T07:59:55.274Z ,          875   ,             0 ,             1493 ,          2770 ,         4930
CRAWLED ,url#67    ,puppeteer    ,2024-07-24T07:59:55.373Z ,         1209   ,             0 ,             1592 ,          2900 ,         4930
CRAWLED ,url#67    ,OpenWPM_HL   ,2024-07-24T08:00:00.204Z ,         4326   ,             0 ,             6423 ,          6402 ,         4930
CRAWLED ,url#67    ,OpenWPM      ,2024-07-24T08:00:00.141Z ,         5531   ,             0 ,             6360 ,          6335 ,         4930
CRAWLED ,url#68    ,puppeteer_HL ,2024-07-24T08:00:19.463Z ,          647   ,             0 ,             1129 ,          2444 ,         5493
CRAWLED ,url#68    ,puppeteer    ,2024-07-24T08:00:20.279Z ,         1483   ,             0 ,             1945 ,          3289 ,         5493
CRAWLED ,url#68    ,OpenWPM_HL   ,2024-07-24T08:00:24.720Z ,         4472   ,             0 ,             6386 ,          6369 ,         5493
CRAWLED ,url#68    ,OpenWPM      ,2024-07-24T08:00:24.956Z ,         5637   ,             0 ,             6622 ,          6606 ,         5493
CRAWLED ,url#69    ,puppeteer_HL ,2024-07-24T08:00:44.852Z ,         1048   ,             0 ,             1729 ,          3156 ,         5239
CRAWLED ,url#69    ,puppeteer    ,2024-07-24T08:00:44.515Z ,         1111   ,             0 ,             1392 ,          2706 ,         5239
CRAWLED ,url#69    ,OpenWPM_HL   ,2024-07-24T08:00:49.328Z ,         4471   ,             0 ,             6205 ,          6185 ,         5239
CRAWLED ,url#69    ,OpenWPM      ,2024-07-24T08:00:49.754Z ,         5732   ,             0 ,             6631 ,          6614 ,         5239
CRAWLED ,url#70    ,puppeteer_HL ,2024-07-24T08:01:18.955Z ,          798   ,             0 ,             1499 ,          2774 ,         5215
CRAWLED ,url#70    ,puppeteer    ,2024-07-24T08:01:18.853Z ,         1036   ,             0 ,             1397 ,          2708 ,         5215
CRAWLED ,url#70    ,OpenWPM_HL   ,2024-07-24T08:01:24.068Z ,         4932   ,             0 ,             6612 ,          6558 ,         5215
CRAWLED ,url#70    ,OpenWPM      ,2024-07-24T08:01:23.790Z ,         5879   ,             0 ,             6334 ,          6303 ,         5215
CRAWLED ,url#71    ,puppeteer_HL ,2024-07-24T08:01:43.871Z ,         1070   ,             0 ,             1696 ,          3010 ,         5654
CRAWLED ,url#71    ,puppeteer    ,2024-07-24T08:01:43.450Z ,         1107   ,             0 ,             1275 ,          2578 ,         5654
CRAWLED ,url#71    ,OpenWPM_HL   ,2024-07-24T08:01:49.010Z ,         4974   ,             0 ,             6835 ,          6816 ,         5654
CRAWLED ,url#71    ,OpenWPM      ,2024-07-24T08:01:49.104Z ,         6208   ,             0 ,             6929 ,          6910 ,         5654
CRAWLED ,url#72    ,puppeteer_HL ,2024-07-24T08:02:18.628Z ,          700   ,             0 ,             1355 ,          2670 ,         5210
CRAWLED ,url#72    ,puppeteer    ,2024-07-24T08:02:18.826Z ,         1232   ,             0 ,             1553 ,          2899 ,         5210
CRAWLED ,url#72    ,OpenWPM_HL   ,2024-07-24T08:02:23.838Z ,         4637   ,             0 ,             6565 ,          6538 ,         5210
CRAWLED ,url#72    ,OpenWPM      ,2024-07-24T08:02:23.792Z ,         5660   ,             0 ,             6519 ,          6428 ,         5210
CRAWLED ,url#73    ,puppeteer_HL ,2024-07-24T08:02:43.486Z ,          901   ,             0 ,             1492 ,          2800 ,         4688
CRAWLED ,url#73    ,puppeteer    ,2024-07-24T08:02:43.748Z ,         1321   ,             0 ,             1754 ,          3120 ,         4688
CRAWLED ,url#73    ,OpenWPM_HL   ,2024-07-24T08:02:48.174Z ,         4425   ,             0 ,             6180 ,          6148 ,         4688
CRAWLED ,url#73    ,OpenWPM      ,2024-07-24T08:02:48.148Z ,         5444   ,             0 ,             6154 ,          6137 ,         4688
CRAWLED ,url#74    ,puppeteer_HL ,2024-07-24T08:03:07.715Z ,          794   ,             0 ,             1333 ,          2621 ,         5401
CRAWLED ,url#74    ,puppeteer    ,2024-07-24T08:03:08.137Z ,         1326   ,             0 ,             1755 ,          3071 ,         5401
CRAWLED ,url#74    ,OpenWPM_HL   ,2024-07-24T08:03:12.936Z ,         4681   ,             0 ,             6554 ,          6531 ,         5401
CRAWLED ,url#74    ,OpenWPM      ,2024-07-24T08:03:13.116Z ,         5942   ,             0 ,             6734 ,          6717 ,         5401
CRAWLED ,url#75    ,puppeteer_HL ,2024-07-24T08:03:32.529Z ,          767   ,             0 ,             1283 ,          2548 ,         5306
CRAWLED ,url#75    ,puppeteer    ,2024-07-24T08:03:32.835Z ,         1313   ,             0 ,             1589 ,          2961 ,         5306
CRAWLED ,url#75    ,OpenWPM_HL   ,2024-07-24T08:03:37.835Z ,         4403   ,             0 ,             6589 ,          6575 ,         5306
CRAWLED ,url#75    ,OpenWPM      ,2024-07-24T08:03:37.680Z ,         5601   ,             0 ,             6434 ,          6419 ,         5306
CRAWLED ,url#76    ,puppeteer_HL ,2024-07-24T08:03:57.360Z ,          758   ,             0 ,             1394 ,          2716 ,         5526
CRAWLED ,url#76    ,puppeteer    ,2024-07-24T08:03:57.573Z ,         1168   ,             0 ,             1607 ,          2980 ,         5526
CRAWLED ,url#76    ,OpenWPM_HL   ,2024-07-24T08:04:02.886Z ,         4941   ,             0 ,             6920 ,          6897 ,         5526
CRAWLED ,url#76    ,OpenWPM      ,2024-07-24T08:04:02.762Z ,         6084   ,             0 ,             6796 ,          6776 ,         5526
CRAWLED ,url#77    ,puppeteer_HL ,2024-07-24T08:04:22.834Z ,         1159   ,             0 ,             1831 ,          3149 ,         5200
CRAWLED ,url#77    ,puppeteer    ,2024-07-24T08:04:22.970Z ,         1595   ,             0 ,             1967 ,          3316 ,         5200
CRAWLED ,url#77    ,OpenWPM_HL   ,2024-07-24T08:04:28.034Z ,         4905   ,             0 ,             7031 ,          7014 ,         5200
CRAWLED ,url#77    ,OpenWPM      ,2024-07-24T08:04:27.546Z ,         5743   ,             0 ,             6543 ,          6526 ,         5200
CRAWLED ,url#78    ,puppeteer_HL ,2024-07-24T08:04:47.619Z ,          786   ,             0 ,             1420 ,          2710 ,         5073
CRAWLED ,url#78    ,puppeteer    ,2024-07-24T08:04:47.827Z ,         1188   ,             0 ,             1628 ,          2931 ,         5073
CRAWLED ,url#78    ,OpenWPM_HL   ,2024-07-24T08:04:52.692Z ,         4762   ,             0 ,             6493 ,          6471 ,         5073
CRAWLED ,url#78    ,OpenWPM      ,2024-07-24T08:04:52.539Z ,         5799   ,             0 ,             6340 ,          6324 ,         5073
CRAWLED ,url#79    ,puppeteer_HL ,2024-07-24T08:05:22.076Z ,          614   ,             0 ,             1230 ,          2545 ,         5253
CRAWLED ,url#79    ,puppeteer    ,2024-07-24T08:05:22.504Z ,         1179   ,             0 ,             1658 ,          2974 ,         5253
CRAWLED ,url#79    ,OpenWPM_HL   ,2024-07-24T08:05:27.183Z ,         4470   ,             0 ,             6337 ,          6322 ,         5253
CRAWLED ,url#79    ,OpenWPM      ,2024-07-24T08:05:27.329Z ,         5677   ,             0 ,             6483 ,          6467 ,         5253
CRAWLED ,url#80    ,puppeteer_HL ,2024-07-24T08:05:47.007Z ,          846   ,             0 ,             1540 ,          2849 ,         4960
CRAWLED ,url#80    ,puppeteer    ,2024-07-24T08:05:47.037Z ,         1228   ,             0 ,             1570 ,          2910 ,         4960
CRAWLED ,url#80    ,OpenWPM_HL   ,2024-07-24T08:05:51.818Z ,         4396   ,             0 ,             6351 ,          6333 ,         4960
CRAWLED ,url#80    ,OpenWPM      ,2024-07-24T08:05:51.967Z ,         5866   ,             0 ,             6500 ,          6483 ,         4960
CRAWLED ,url#81    ,puppeteer_HL ,2024-07-24T08:06:21.423Z ,          709   ,             0 ,             1345 ,          2643 ,         5138
CRAWLED ,url#81    ,puppeteer    ,2024-07-24T08:06:21.610Z ,         1142   ,             0 ,             1532 ,          2867 ,         5138
CRAWLED ,url#81    ,OpenWPM_HL   ,2024-07-24T08:06:26.561Z ,         4563   ,             0 ,             6483 ,          6461 ,         5138
CRAWLED ,url#81    ,OpenWPM      ,2024-07-24T08:06:26.278Z ,         5496   ,             0 ,             6200 ,          6184 ,         5138
CRAWLED ,url#82    ,puppeteer_HL ,2024-07-24T08:06:46.093Z ,          742   ,             0 ,             1370 ,          2671 ,         5105
CRAWLED ,url#82    ,puppeteer    ,2024-07-24T08:06:46.277Z ,         1096   ,             0 ,             1554 ,          2880 ,         5105
CRAWLED ,url#82    ,OpenWPM_HL   ,2024-07-24T08:06:51.198Z ,         4538   ,             0 ,             6475 ,          6457 ,         5105
CRAWLED ,url#82    ,OpenWPM      ,2024-07-24T08:06:50.911Z ,         5191   ,             0 ,             6188 ,          6171 ,         5105
CRAWLED ,url#83    ,puppeteer_HL ,2024-07-24T08:07:10.939Z ,         1009   ,             0 ,             1587 ,          2859 ,         4809
CRAWLED ,url#83    ,puppeteer    ,2024-07-24T08:07:11.072Z ,         1283   ,             0 ,             1720 ,          2991 ,         4809
CRAWLED ,url#83    ,OpenWPM_HL   ,2024-07-24T08:07:15.748Z ,         4420   ,             0 ,             6396 ,          6380 ,         4809
CRAWLED ,url#83    ,OpenWPM      ,2024-07-24T08:07:15.568Z ,         5599   ,             0 ,             6216 ,          6197 ,         4809
CRAWLED ,url#84    ,puppeteer_HL ,2024-07-24T08:07:45.119Z ,          710   ,             0 ,             1362 ,          2665 ,         5276
CRAWLED ,url#84    ,puppeteer    ,2024-07-24T08:07:45.461Z ,         1277   ,             0 ,             1704 ,          3036 ,         5276
CRAWLED ,url#84    ,OpenWPM_HL   ,2024-07-24T08:07:50.106Z ,         4566   ,             0 ,             6349 ,          6330 ,         5276
CRAWLED ,url#84    ,OpenWPM      ,2024-07-24T08:07:50.395Z ,         6097   ,             0 ,             6638 ,          6619 ,         5276
CRAWLED ,url#85    ,puppeteer_HL ,2024-07-24T08:08:19.761Z ,          961   ,             0 ,             1499 ,          2785 ,         4920
CRAWLED ,url#85    ,puppeteer    ,2024-07-24T08:08:20.049Z ,         1447   ,             0 ,             1787 ,          3106 ,         4920
CRAWLED ,url#85    ,OpenWPM_HL   ,2024-07-24T08:08:24.681Z ,         5176   ,             0 ,             6419 ,          6401 ,         4920
CRAWLED ,url#85    ,OpenWPM      ,2024-07-24T08:08:24.616Z ,         5858   ,             0 ,             6354 ,          6332 ,         4920
CRAWLED ,url#86    ,puppeteer_HL ,2024-07-24T08:08:54.276Z ,          744   ,             0 ,             1452 ,          2774 ,         5067
CRAWLED ,url#86    ,puppeteer    ,2024-07-24T08:08:54.483Z ,         1023   ,             0 ,             1659 ,          2995 ,         5067
CRAWLED ,url#86    ,OpenWPM_HL   ,2024-07-24T08:08:59.343Z ,         4985   ,             0 ,             6519 ,          6502 ,         5067
CRAWLED ,url#86    ,OpenWPM      ,2024-07-24T08:08:59.267Z ,         5982   ,             0 ,             6443 ,          6420 ,         5067
CRAWLED ,url#87    ,puppeteer_HL ,2024-07-24T08:09:29.156Z ,          979   ,             0 ,             1670 ,          2988 ,         5476
CRAWLED ,url#87    ,puppeteer    ,2024-07-24T08:09:28.901Z ,         1190   ,             0 ,             1415 ,          2742 ,         5476
CRAWLED ,url#87    ,OpenWPM_HL   ,2024-07-24T08:09:34.377Z ,         5079   ,             0 ,             6891 ,          6874 ,         5476
CRAWLED ,url#87    ,OpenWPM      ,2024-07-24T08:09:34.175Z ,         6262   ,             0 ,             6689 ,          6669 ,         5476
CRAWLED ,url#88    ,puppeteer_HL ,2024-07-24T08:10:03.856Z ,          741   ,             0 ,             1306 ,          2681 ,         5626
CRAWLED ,url#88    ,puppeteer    ,2024-07-24T08:10:04.125Z ,         1126   ,             0 ,             1575 ,          2925 ,         5626
CRAWLED ,url#88    ,OpenWPM_HL   ,2024-07-24T08:10:09.482Z ,         5087   ,             0 ,             6932 ,          6909 ,         5626
CRAWLED ,url#88    ,OpenWPM      ,2024-07-24T08:10:09.392Z ,         6160   ,             0 ,             6842 ,          6825 ,         5626
CRAWLED ,url#89    ,puppeteer_HL ,2024-07-24T08:10:28.919Z ,          669   ,             0 ,             1305 ,          2619 ,         5350
CRAWLED ,url#89    ,puppeteer    ,2024-07-24T08:10:29.362Z ,         1159   ,             0 ,             1748 ,          3079 ,         5350
CRAWLED ,url#89    ,OpenWPM_HL   ,2024-07-24T08:10:34.269Z ,         4746   ,             0 ,             6655 ,          6639 ,         5350
CRAWLED ,url#89    ,OpenWPM      ,2024-07-24T08:10:34.126Z ,         5816   ,             0 ,             6512 ,          6495 ,         5350
CRAWLED ,url#90    ,puppeteer_HL ,2024-07-24T08:11:03.522Z ,          636   ,             0 ,             1243 ,          2568 ,         5768
CRAWLED ,url#90    ,puppeteer    ,2024-07-24T08:11:04.119Z ,         1379   ,             0 ,             1840 ,          3155 ,         5768
CRAWLED ,url#90    ,OpenWPM_HL   ,2024-07-24T08:11:09.078Z ,         4901   ,             0 ,             6799 ,          6777 ,         5768
CRAWLED ,url#90    ,OpenWPM      ,2024-07-24T08:11:09.290Z ,         6242   ,             0 ,             7011 ,          6994 ,         5768
CRAWLED ,url#91    ,puppeteer_HL ,2024-07-24T08:11:29.044Z ,         1011   ,             0 ,             1585 ,          2914 ,         5059
CRAWLED ,url#91    ,puppeteer    ,2024-07-24T08:11:29.158Z ,         1298   ,             0 ,             1699 ,          3000 ,         5059
CRAWLED ,url#91    ,OpenWPM_HL   ,2024-07-24T08:11:34.103Z ,         5170   ,             0 ,             6644 ,          6629 ,         5059
CRAWLED ,url#91    ,OpenWPM      ,2024-07-24T08:11:33.690Z ,         5772   ,             0 ,             6231 ,          6214 ,         5059
CRAWLED ,url#92    ,puppeteer_HL ,2024-07-24T08:11:53.991Z ,         1081   ,             0 ,             1686 ,          2994 ,         4876
CRAWLED ,url#92    ,puppeteer    ,2024-07-24T08:11:54.279Z ,         1512   ,             0 ,             1974 ,          3291 ,         4876
CRAWLED ,url#92    ,OpenWPM_HL   ,2024-07-24T08:11:58.368Z ,         4593   ,             0 ,             6063 ,          6041 ,         4876
CRAWLED ,url#92    ,OpenWPM      ,2024-07-24T08:11:58.867Z ,         5723   ,             0 ,             6562 ,          6546 ,         4876
CRAWLED ,url#93    ,puppeteer_HL ,2024-07-24T08:12:18.097Z ,          615   ,             0 ,             1079 ,          2378 ,         5778
CRAWLED ,url#93    ,puppeteer    ,2024-07-24T08:12:18.781Z ,         1353   ,             0 ,             1763 ,          3068 ,         5778
CRAWLED ,url#93    ,OpenWPM_HL   ,2024-07-24T08:12:23.875Z ,         4853   ,             0 ,             6857 ,          6841 ,         5778
CRAWLED ,url#93    ,OpenWPM      ,2024-07-24T08:12:23.390Z ,         5778   ,             0 ,             6372 ,          6344 ,         5778
CRAWLED ,url#94    ,puppeteer_HL ,2024-07-24T08:12:43.491Z ,          767   ,             0 ,             1449 ,          2762 ,         5338
CRAWLED ,url#94    ,puppeteer    ,2024-07-24T08:12:43.666Z ,         1061   ,             0 ,             1624 ,          2917 ,         5338
CRAWLED ,url#94    ,OpenWPM_HL   ,2024-07-24T08:12:48.829Z ,         4724   ,             0 ,             6787 ,          6758 ,         5338
CRAWLED ,url#94    ,OpenWPM      ,2024-07-24T08:12:48.779Z ,         5949   ,             0 ,             6737 ,          6721 ,         5338
CRAWLED ,url#95    ,puppeteer_HL ,2024-07-24T08:13:08.766Z ,          926   ,             0 ,             1684 ,          3051 ,         4947
CRAWLED ,url#95    ,puppeteer    ,2024-07-24T08:13:08.781Z ,         1172   ,             0 ,             1699 ,          3080 ,         4947
CRAWLED ,url#95    ,OpenWPM_HL   ,2024-07-24T08:13:13.257Z ,         4290   ,             0 ,             6175 ,          6156 ,         4947
CRAWLED ,url#95    ,OpenWPM      ,2024-07-24T08:13:13.713Z ,         5962   ,             0 ,             6631 ,          6610 ,         4947
CRAWLED ,url#96    ,puppeteer_HL ,2024-07-24T08:13:42.775Z ,          709   ,             0 ,             1353 ,          2578 ,         5774
CRAWLED ,url#96    ,puppeteer    ,2024-07-24T08:13:42.982Z ,         1064   ,             0 ,             1560 ,          2871 ,         5774
CRAWLED ,url#96    ,OpenWPM_HL   ,2024-07-24T08:13:48.549Z ,         5457   ,             0 ,             7127 ,          7110 ,         5774
CRAWLED ,url#96    ,OpenWPM      ,2024-07-24T08:13:48.367Z ,         6202   ,             0 ,             6945 ,          6930 ,         5774
CRAWLED ,url#97    ,puppeteer_HL ,2024-07-24T08:14:17.801Z ,          611   ,             0 ,             1095 ,          2392 ,         5866
CRAWLED ,url#97    ,puppeteer    ,2024-07-24T08:14:18.429Z ,         1245   ,             0 ,             1723 ,          3028 ,         5866
CRAWLED ,url#97    ,OpenWPM_HL   ,2024-07-24T08:14:23.667Z ,         5040   ,             0 ,             6961 ,          6944 ,         5866
CRAWLED ,url#97    ,OpenWPM      ,2024-07-24T08:14:23.203Z ,         5884   ,             0 ,             6497 ,          6473 ,         5866
CRAWLED ,url#98    ,puppeteer_HL ,2024-07-24T08:14:53.313Z ,          971   ,             0 ,             1511 ,          2816 ,         5547
CRAWLED ,url#98    ,puppeteer    ,2024-07-24T08:14:53.657Z ,         1655   ,             0 ,             1855 ,          3170 ,         5547
CRAWLED ,url#98    ,OpenWPM_HL   ,2024-07-24T08:14:58.615Z ,         4723   ,             0 ,             6813 ,          6794 ,         5547
CRAWLED ,url#98    ,OpenWPM      ,2024-07-24T08:14:58.860Z ,         6065   ,             0 ,             7058 ,          7038 ,         5547
CRAWLED ,url#99    ,puppeteer_HL ,2024-07-24T08:15:28.463Z ,         1042   ,             0 ,             1467 ,          2770 ,         5275
CRAWLED ,url#99    ,puppeteer    ,2024-07-24T08:15:28.763Z ,         1408   ,             0 ,             1767 ,          3089 ,         5275
CRAWLED ,url#99    ,OpenWPM_HL   ,2024-07-24T08:15:33.498Z ,         4521   ,             0 ,             6502 ,          6479 ,         5275
CRAWLED ,url#99    ,OpenWPM      ,2024-07-24T08:15:33.738Z ,         5875   ,             0 ,             6742 ,          6723 ,         5275
CRAWLED ,url#100   ,puppeteer_HL ,2024-07-24T08:16:02.952Z ,          837   ,             0 ,             1296 ,          2555 ,         5859
CRAWLED ,url#100   ,puppeteer    ,2024-07-24T08:16:03.485Z ,         1480   ,             0 ,             1829 ,          3147 ,         5859
CRAWLED ,url#100   ,OpenWPM_HL   ,2024-07-24T08:16:08.811Z ,         4966   ,             0 ,             7155 ,          7137 ,         5859
CRAWLED ,url#100   ,OpenWPM      ,2024-07-24T08:16:08.487Z ,         6153   ,             0 ,             6831 ,          6811 ,         5859