STATUS      ,ITERATION ,CLIENT       ,DATE                     ,READY AFTER(MS) ,WATINGTIME(MS) ,REQUEST AFTER(MS) ,DONE AFTER(MS) ,MAX DELAY(MS)
STATUS      ,connected ,OpenWPM      ,2024-07-24T18:52:47.555Z
STATUS      ,connected ,puppeteer    ,2024-07-24T18:52:48.788Z
STATUS      ,connected ,OpenWPM_HL   ,2024-07-24T18:52:48.812Z
STATUS      ,connected ,puppeteer_HL ,2024-07-24T18:52:49.390Z
STATUS      ,ping      ,puppeteer_HL ,2024-07-24T18:52:49.399Z ,            4
STATUS      ,ping      ,OpenWPM      ,2024-07-24T18:52:49.401Z ,            5
STATUS      ,ping      ,OpenWPM_HL   ,2024-07-24T18:52:49.403Z ,            5.5
STATUS      ,ping      ,puppeteer    ,2024-07-24T18:52:49.404Z ,            6
CALIBRATION ,#0        ,OpenWPM      ,2024-07-24T18:52:57.354Z ,         5441   ,             0 ,             6345 ,          6327 ,          893
CALIBRATION ,#0        ,puppeteer    ,2024-07-24T18:52:56.461Z ,         1188   ,             0 ,             5452 ,          5479 ,          893
CALIBRATION ,#0        ,OpenWPM_HL   ,2024-07-24T18:52:57.190Z ,         4522   ,             0 ,             6181 ,          6164 ,          893
CALIBRATION ,#0        ,puppeteer_HL ,2024-07-24T18:52:56.465Z ,          734   ,             0 ,             5456 ,          5505 ,          893
CALIBRATION ,#1        ,OpenWPM      ,2024-07-24T18:53:31.556Z ,         5393   ,             0 ,             6251 ,          6213 ,          853
CALIBRATION ,#1        ,puppeteer    ,2024-07-24T18:53:30.711Z ,         1149   ,             0 ,             5406 ,          5447 ,          853
CALIBRATION ,#1        ,OpenWPM_HL   ,2024-07-24T18:53:31.557Z ,         3989   ,             0 ,             6252 ,          6228 ,          853
CALIBRATION ,#1        ,puppeteer_HL ,2024-07-24T18:53:30.704Z ,          770   ,             0 ,             5399 ,          5433 ,          853
CALIBRATION ,#2        ,OpenWPM      ,2024-07-24T18:54:06.042Z ,         5966   ,             0 ,             6370 ,          6348 ,          462
CALIBRATION ,#2        ,puppeteer    ,2024-07-24T18:54:05.651Z ,         1594   ,             0 ,             5979 ,          6025 ,          462
CALIBRATION ,#2        ,OpenWPM_HL   ,2024-07-24T18:54:06.107Z ,         4431   ,             0 ,             6435 ,          6416 ,          462
CALIBRATION ,#2        ,puppeteer_HL ,2024-07-24T18:54:05.645Z ,          862   ,             0 ,             5973 ,          6017 ,          462
CALIBRATION ,#3        ,OpenWPM      ,2024-07-24T18:54:30.661Z ,         5559   ,             0 ,             6403 ,          6382 ,          839
CALIBRATION ,#3        ,puppeteer    ,2024-07-24T18:54:29.826Z ,         1120   ,             0 ,             5568 ,          5622 ,          839
CALIBRATION ,#3        ,OpenWPM_HL   ,2024-07-24T18:54:30.570Z ,         4459   ,             0 ,             6312 ,          6295 ,          839
CALIBRATION ,#3        ,puppeteer_HL ,2024-07-24T18:54:29.822Z ,          850   ,             0 ,             5564 ,          5622 ,          839
CALIBRATION ,#4        ,OpenWPM      ,2024-07-24T18:54:55.263Z ,         5810   ,             0 ,             6477 ,          6452 ,          659
CALIBRATION ,#4        ,puppeteer    ,2024-07-24T18:54:54.604Z ,         1314   ,             0 ,             5818 ,          5861 ,          659
CALIBRATION ,#4        ,OpenWPM_HL   ,2024-07-24T18:54:54.841Z ,         4419   ,             0 ,             6055 ,          6038 ,          659
CALIBRATION ,#4        ,puppeteer_HL ,2024-07-24T18:54:54.618Z ,          974   ,             0 ,             5832 ,          5887 ,          659
CALIBRATION ,#5        ,OpenWPM      ,2024-07-24T18:55:29.490Z ,         5950   ,             0 ,             6506 ,          6489 ,          853
CALIBRATION ,#5        ,puppeteer    ,2024-07-24T18:55:28.948Z ,         1195   ,             0 ,             5964 ,          6000 ,          853
CALIBRATION ,#5        ,OpenWPM_HL   ,2024-07-24T18:55:29.799Z ,         5087   ,             0 ,             6815 ,          6794 ,          853
CALIBRATION ,#5        ,puppeteer_HL ,2024-07-24T18:55:28.946Z ,          690   ,             0 ,             5962 ,          6028 ,          853
CALIBRATION ,#6        ,OpenWPM      ,2024-07-24T18:56:03.749Z ,         5649   ,             0 ,             6124 ,          6107 ,          761
CALIBRATION ,#6        ,puppeteer    ,2024-07-24T18:56:03.281Z ,         1282   ,             0 ,             5656 ,          5692 ,          761
CALIBRATION ,#6        ,OpenWPM_HL   ,2024-07-24T18:56:04.042Z ,         4456   ,             0 ,             6417 ,          6401 ,          761
CALIBRATION ,#6        ,puppeteer_HL ,2024-07-24T18:56:03.292Z ,          651   ,             0 ,             5667 ,          5714 ,          761
CALIBRATION ,#7        ,OpenWPM      ,2024-07-24T18:56:28.455Z ,         5442   ,             0 ,             6273 ,          6255 ,          937
CALIBRATION ,#7        ,puppeteer    ,2024-07-24T18:56:27.639Z ,         1446   ,             0 ,             5457 ,          5491 ,          937
CALIBRATION ,#7        ,OpenWPM_HL   ,2024-07-24T18:56:28.567Z ,         4441   ,             0 ,             6385 ,          6360 ,          937
CALIBRATION ,#7        ,puppeteer_HL ,2024-07-24T18:56:27.630Z ,         1056   ,             0 ,             5448 ,          5495 ,          937
CALIBRATION ,#8        ,OpenWPM      ,2024-07-24T18:56:53.149Z ,         5763   ,             0 ,             6439 ,          6391 ,          668
CALIBRATION ,#8        ,puppeteer    ,2024-07-24T18:56:52.482Z ,         1233   ,             0 ,             5772 ,          5805 ,          668
CALIBRATION ,#8        ,OpenWPM_HL   ,2024-07-24T18:56:53.150Z ,         4322   ,             0 ,             6440 ,          6413 ,          668
CALIBRATION ,#8        ,puppeteer_HL ,2024-07-24T18:56:52.486Z ,          845   ,             0 ,             5776 ,          5829 ,          668
CALIBRATION ,#9        ,OpenWPM      ,2024-07-24T18:57:18.098Z ,         6053   ,             0 ,             6770 ,          6740 ,          713
CALIBRATION ,#9        ,puppeteer    ,2024-07-24T18:57:17.390Z ,         1155   ,             0 ,             6062 ,          6104 ,          713
CALIBRATION ,#9        ,OpenWPM_HL   ,2024-07-24T18:57:18.101Z ,         4789   ,             0 ,             6773 ,          6753 ,          713
CALIBRATION ,#9        ,puppeteer_HL ,2024-07-24T18:57:17.388Z ,          734   ,             0 ,             6060 ,          6104 ,          713
CRAWLED     ,url#1     ,OpenWPM      ,2024-07-24T18:57:42.586Z ,         5241   ,            11 ,             6289 ,          6265 ,          473
CRAWLED     ,url#1     ,puppeteer    ,2024-07-24T18:57:42.249Z ,         1233   ,           694 ,             5952 ,          5999 ,          473
CRAWLED     ,url#1     ,OpenWPM_HL   ,2024-07-24T18:57:42.711Z ,         4252   ,             0 ,             6414 ,          6394 ,          473
CRAWLED     ,url#1     ,puppeteer_HL ,2024-07-24T18:57:42.238Z ,          740   ,           693 ,             5941 ,          5971 ,          473
CRAWLED     ,url#2     ,OpenWPM      ,2024-07-24T18:58:17.356Z ,         5441   ,            11 ,             6514 ,          6493 ,          369
CRAWLED     ,url#2     ,puppeteer    ,2024-07-24T18:58:16.989Z ,         1054   ,           694 ,             6147 ,          6184 ,          369
CRAWLED     ,url#2     ,OpenWPM_HL   ,2024-07-24T18:58:17.331Z ,         4164   ,             0 ,             6489 ,          6470 ,          369
CRAWLED     ,url#2     ,puppeteer_HL ,2024-07-24T18:58:16.987Z ,         1126   ,           693 ,             6145 ,          6201 ,          369
CRAWLED     ,url#3     ,OpenWPM      ,2024-07-24T18:58:42.023Z ,         5595   ,            11 ,             6512 ,          6489 ,          217
CRAWLED     ,url#3     ,puppeteer    ,2024-07-24T18:58:41.814Z ,         1260   ,           694 ,             6303 ,          6328 ,          217
CRAWLED     ,url#3     ,OpenWPM_HL   ,2024-07-24T18:58:41.853Z ,         4329   ,             0 ,             6342 ,          6286 ,          217
CRAWLED     ,url#3     ,puppeteer_HL ,2024-07-24T18:58:41.806Z ,          739   ,           693 ,             6295 ,          6342 ,          217
CRAWLED     ,url#4     ,OpenWPM      ,2024-07-24T18:59:16.388Z ,         5552   ,            11 ,             6464 ,          6436 ,          209
CRAWLED     ,url#4     ,puppeteer    ,2024-07-24T18:59:16.179Z ,         1194   ,           694 ,             6255 ,          6300 ,          209
CRAWLED     ,url#4     ,OpenWPM_HL   ,2024-07-24T18:59:16.254Z ,         4343   ,             0 ,             6330 ,          6291 ,          209
CRAWLED     ,url#4     ,puppeteer_HL ,2024-07-24T18:59:16.183Z ,          804   ,           693 ,             6259 ,          6290 ,          209
CRAWLED     ,url#5     ,OpenWPM      ,2024-07-24T18:59:41.236Z ,         5930   ,            11 ,             6733 ,          6715 ,          408
CRAWLED     ,url#5     ,puppeteer    ,2024-07-24T18:59:41.135Z ,         1275   ,           694 ,             6632 ,          6671 ,          408
CRAWLED     ,url#5     ,OpenWPM_HL   ,2024-07-24T18:59:40.828Z ,         4422   ,             0 ,             6325 ,          6301 ,          408
CRAWLED     ,url#5     ,puppeteer_HL ,2024-07-24T18:59:41.139Z ,          863   ,           693 ,             6636 ,          6683 ,          408
CRAWLED     ,url#6     ,OpenWPM      ,2024-07-24T19:00:06.255Z ,         5968   ,            11 ,             6872 ,          6851 ,          204
CRAWLED     ,url#6     ,puppeteer    ,2024-07-24T19:00:06.061Z ,         1195   ,           694 ,             6678 ,          6728 ,          204
CRAWLED     ,url#6     ,OpenWPM_HL   ,2024-07-24T19:00:06.104Z ,         4680   ,             0 ,             6721 ,          6683 ,          204
CRAWLED     ,url#6     ,puppeteer_HL ,2024-07-24T19:00:06.051Z ,         1026   ,           693 ,             6668 ,          6717 ,          204
CRAWLED     ,url#7     ,OpenWPM      ,2024-07-24T19:00:30.849Z ,         5811   ,            11 ,             6449 ,          6427 ,          166
CRAWLED     ,url#7     ,puppeteer    ,2024-07-24T19:00:30.916Z ,         1169   ,           694 ,             6516 ,          6552 ,          166
CRAWLED     ,url#7     ,OpenWPM_HL   ,2024-07-24T19:00:31.015Z ,         4785   ,             0 ,             6615 ,          6562 ,          166
CRAWLED     ,url#7     ,puppeteer_HL ,2024-07-24T19:00:30.912Z ,          841   ,           693 ,             6512 ,          6549 ,          166
CRAWLED     ,url#8     ,OpenWPM      ,2024-07-24T19:00:55.674Z ,         5697   ,            11 ,             6551 ,          6528 ,          148
CRAWLED     ,url#8     ,puppeteer    ,2024-07-24T19:00:55.529Z ,         1147   ,           694 ,             6406 ,          6458 ,          148
CRAWLED     ,url#8     ,OpenWPM_HL   ,2024-07-24T19:00:55.577Z ,         4473   ,             0 ,             6454 ,          6406 ,          148
CRAWLED     ,url#8     ,puppeteer_HL ,2024-07-24T19:00:55.526Z ,          801   ,           693 ,             6403 ,          6447 ,          148
CRAWLED     ,url#9     ,OpenWPM      ,2024-07-24T19:01:30.062Z ,         5336   ,            11 ,             6270 ,          6267 ,          397
CRAWLED     ,url#9     ,puppeteer    ,2024-07-24T19:01:29.844Z ,         1206   ,           694 ,             6052 ,          6078 ,          397
CRAWLED     ,url#9     ,OpenWPM_HL   ,2024-07-24T19:01:30.225Z ,         4538   ,             0 ,             6433 ,          6416 ,          397
CRAWLED     ,url#9     ,puppeteer_HL ,2024-07-24T19:01:29.828Z ,          706   ,           693 ,             6036 ,          6075 ,          397
CRAWLED     ,url#10    ,OpenWPM      ,2024-07-24T19:01:55.241Z ,         6080   ,            11 ,             6889 ,          6820 ,          108
CRAWLED     ,url#10    ,puppeteer    ,2024-07-24T19:01:55.149Z ,         1075   ,           694 ,             6797 ,          6847 ,          108
CRAWLED     ,url#10    ,OpenWPM_HL   ,2024-07-24T19:01:55.188Z ,         4589   ,             0 ,             6836 ,          6798 ,          108
CRAWLED     ,url#10    ,puppeteer_HL ,2024-07-24T19:01:55.133Z ,          779   ,           693 ,             6781 ,          6805 ,          108
CRAWLED     ,url#11    ,OpenWPM      ,2024-07-24T19:02:29.920Z ,         5743   ,            11 ,             6639 ,          6608 ,          194
CRAWLED     ,url#11    ,puppeteer    ,2024-07-24T19:02:29.736Z ,         1451   ,           694 ,             6455 ,          6499 ,          194
CRAWLED     ,url#11    ,OpenWPM_HL   ,2024-07-24T19:02:29.867Z ,         4553   ,             0 ,             6586 ,          6491 ,          194
CRAWLED     ,url#11    ,puppeteer_HL ,2024-07-24T19:02:29.726Z ,          944   ,           693 ,             6445 ,          6474 ,          194
CRAWLED     ,url#12    ,OpenWPM      ,2024-07-24T19:02:54.579Z ,         5824   ,            11 ,             6537 ,          6501 ,           51
CRAWLED     ,url#12    ,puppeteer    ,2024-07-24T19:02:54.578Z ,          982   ,           694 ,             6536 ,          6595 ,           51
CRAWLED     ,url#12    ,OpenWPM_HL   ,2024-07-24T19:02:54.528Z ,         4661   ,             0 ,             6486 ,          6470 ,           51
CRAWLED     ,url#12    ,puppeteer_HL ,2024-07-24T19:02:54.567Z ,          648   ,           693 ,             6525 ,          6622 ,           51
CRAWLED     ,url#13    ,OpenWPM      ,2024-07-24T19:03:19.264Z ,         5904   ,            11 ,             6535 ,          6514 ,           91
CRAWLED     ,url#13    ,puppeteer    ,2024-07-24T19:03:19.355Z ,         1581   ,           694 ,             6626 ,          6667 ,           91
CRAWLED     ,url#13    ,OpenWPM_HL   ,2024-07-24T19:03:19.345Z ,         4900   ,             0 ,             6616 ,          6591 ,           91
CRAWLED     ,url#13    ,puppeteer_HL ,2024-07-24T19:03:19.335Z ,         1175   ,           693 ,             6606 ,          6659 ,           91
CRAWLED     ,url#14    ,OpenWPM      ,2024-07-24T19:03:53.738Z ,         5420   ,            11 ,             6338 ,          6297 ,          315
CRAWLED     ,url#14    ,puppeteer    ,2024-07-24T19:03:53.533Z ,         1007   ,           694 ,             6133 ,          6199 ,          315
CRAWLED     ,url#14    ,OpenWPM_HL   ,2024-07-24T19:03:53.837Z ,         4345   ,             0 ,             6437 ,          6390 ,          315
CRAWLED     ,url#14    ,puppeteer_HL ,2024-07-24T19:03:53.522Z ,          708   ,           693 ,             6122 ,          6187 ,          315
CRAWLED     ,url#15    ,OpenWPM      ,2024-07-24T19:04:18.420Z ,         5762   ,            11 ,             6451 ,          6428 ,          244
CRAWLED     ,url#15    ,puppeteer    ,2024-07-24T19:04:18.440Z ,         1206   ,           694 ,             6471 ,          6512 ,          244
CRAWLED     ,url#15    ,OpenWPM_HL   ,2024-07-24T19:04:18.196Z ,         4365   ,             0 ,             6227 ,          6202 ,          244
CRAWLED     ,url#15    ,puppeteer_HL ,2024-07-24T19:04:18.433Z ,          767   ,           693 ,             6464 ,          6518 ,          244
CRAWLED     ,url#16    ,OpenWPM      ,2024-07-24T19:04:42.607Z ,         5515   ,            11 ,             6056 ,          6036 ,          542
CRAWLED     ,url#16    ,puppeteer    ,2024-07-24T19:04:42.773Z ,         1427   ,           694 ,             6222 ,          6257 ,          542
CRAWLED     ,url#16    ,OpenWPM_HL   ,2024-07-24T19:04:43.149Z ,         4518   ,             0 ,             6598 ,          6580 ,          542
CRAWLED     ,url#16    ,puppeteer_HL ,2024-07-24T19:04:42.771Z ,          863   ,           693 ,             6220 ,          6254 ,          542
CRAWLED     ,url#17    ,OpenWPM      ,2024-07-24T19:05:07.805Z ,         5799   ,            11 ,             6509 ,          6457 ,          193
CRAWLED     ,url#17    ,puppeteer    ,2024-07-24T19:05:07.805Z ,         1191   ,           694 ,             6509 ,          6567 ,          193
CRAWLED     ,url#17    ,OpenWPM_HL   ,2024-07-24T19:05:07.991Z ,         4574   ,             0 ,             6695 ,          6666 ,          193
CRAWLED     ,url#17    ,puppeteer_HL ,2024-07-24T19:05:07.798Z ,         1106   ,           693 ,             6502 ,          6561 ,          193
CRAWLED     ,url#18    ,OpenWPM      ,2024-07-24T19:05:42.425Z ,         5522   ,            11 ,             6329 ,          6285 ,          130
CRAWLED     ,url#18    ,puppeteer    ,2024-07-24T19:05:42.325Z ,         1151   ,           694 ,             6229 ,          6287 ,          130
CRAWLED     ,url#18    ,OpenWPM_HL   ,2024-07-24T19:05:42.295Z ,         4565   ,             0 ,             6199 ,          6180 ,          130
CRAWLED     ,url#18    ,puppeteer_HL ,2024-07-24T19:05:42.322Z ,          726   ,           693 ,             6226 ,          6277 ,          130
CRAWLED     ,url#19    ,OpenWPM      ,2024-07-24T19:06:06.862Z ,         5691   ,            11 ,             6341 ,          6317 ,          223
CRAWLED     ,url#19    ,puppeteer    ,2024-07-24T19:06:06.924Z ,         1227   ,           694 ,             6403 ,          6462 ,          223
CRAWLED     ,url#19    ,OpenWPM_HL   ,2024-07-24T19:06:06.701Z ,         4322   ,             0 ,             6180 ,          6160 ,          223
CRAWLED     ,url#19    ,puppeteer_HL ,2024-07-24T19:06:06.913Z ,          787   ,           693 ,             6392 ,          6450 ,          223
CRAWLED     ,url#20    ,OpenWPM      ,2024-07-24T19:06:31.531Z ,         5565   ,            11 ,             6549 ,          6514 ,          369
CRAWLED     ,url#20    ,puppeteer    ,2024-07-24T19:06:31.260Z ,         1514   ,           694 ,             6278 ,          6308 ,          369
CRAWLED     ,url#20    ,OpenWPM_HL   ,2024-07-24T19:06:31.617Z ,         4149   ,             0 ,             6635 ,          6611 ,          369
CRAWLED     ,url#20    ,puppeteer_HL ,2024-07-24T19:06:31.248Z ,          659   ,           693 ,             6266 ,          6302 ,          369
CRAWLED     ,url#21    ,OpenWPM      ,2024-07-24T19:06:56.372Z ,         5768   ,            11 ,             6582 ,          6535 ,          193
CRAWLED     ,url#21    ,puppeteer    ,2024-07-24T19:06:56.265Z ,         1178   ,           694 ,             6475 ,          6503 ,          193
CRAWLED     ,url#21    ,OpenWPM_HL   ,2024-07-24T19:06:56.179Z ,         4365   ,             0 ,             6389 ,          6371 ,          193
CRAWLED     ,url#21    ,puppeteer_HL ,2024-07-24T19:06:56.258Z ,          739   ,           693 ,             6468 ,          6508 ,          193
CRAWLED     ,url#22    ,OpenWPM      ,2024-07-24T19:07:20.996Z ,         5791   ,            11 ,             6548 ,          6482 ,          188
CRAWLED     ,url#22    ,puppeteer    ,2024-07-24T19:07:20.947Z ,         1473   ,           694 ,             6499 ,          6542 ,          188
CRAWLED     ,url#22    ,OpenWPM_HL   ,2024-07-24T19:07:20.808Z ,         4423   ,             0 ,             6360 ,          6341 ,          188
CRAWLED     ,url#22    ,puppeteer_HL ,2024-07-24T19:07:20.942Z ,          913   ,           693 ,             6494 ,          6532 ,          188
CRAWLED     ,url#23    ,OpenWPM      ,2024-07-24T19:07:55.241Z ,         5573   ,            11 ,             6154 ,          6135 ,          203
CRAWLED     ,url#23    ,puppeteer    ,2024-07-24T19:07:55.365Z ,         1186   ,           694 ,             6278 ,          6312 ,          203
CRAWLED     ,url#23    ,OpenWPM_HL   ,2024-07-24T19:07:55.444Z ,         4798   ,             0 ,             6357 ,          6334 ,          203
CRAWLED     ,url#23    ,puppeteer_HL ,2024-07-24T19:07:55.363Z ,          858   ,           693 ,             6276 ,          6312 ,          203
CRAWLED     ,url#24    ,OpenWPM      ,2024-07-24T19:08:20.124Z ,         5843   ,            11 ,             6552 ,          6510 ,           68
CRAWLED     ,url#24    ,puppeteer    ,2024-07-24T19:08:20.120Z ,          935   ,           694 ,             6548 ,          6583 ,           68
CRAWLED     ,url#24    ,OpenWPM_HL   ,2024-07-24T19:08:20.056Z ,         4480   ,             0 ,             6484 ,          6467 ,           68
CRAWLED     ,url#24    ,puppeteer_HL ,2024-07-24T19:08:20.118Z ,          735   ,           693 ,             6546 ,          6618 ,           68
CRAWLED     ,url#25    ,OpenWPM      ,2024-07-24T19:08:44.760Z ,         5622   ,            11 ,             6516 ,          6497 ,          436
CRAWLED     ,url#25    ,puppeteer    ,2024-07-24T19:08:44.571Z ,         1391   ,           694 ,             6327 ,          6367 ,          436
CRAWLED     ,url#25    ,OpenWPM_HL   ,2024-07-24T19:08:44.324Z ,         4154   ,             0 ,             6080 ,          6064 ,          436
CRAWLED     ,url#25    ,puppeteer_HL ,2024-07-24T19:08:44.569Z ,         1032   ,           693 ,             6325 ,          6359 ,          436
CRAWLED     ,url#26    ,OpenWPM      ,2024-07-24T19:09:08.968Z ,         5094   ,            11 ,             6089 ,          6072 ,          790
CRAWLED     ,url#26    ,puppeteer    ,2024-07-24T19:09:08.679Z ,         1434   ,           694 ,             5800 ,          5822 ,          790
CRAWLED     ,url#26    ,OpenWPM_HL   ,2024-07-24T19:09:09.467Z ,         4700   ,             0 ,             6588 ,          6571 ,          790
CRAWLED     ,url#26    ,puppeteer_HL ,2024-07-24T19:09:08.677Z ,          749   ,           693 ,             5798 ,          5837 ,          790
CRAWLED     ,url#27    ,OpenWPM      ,2024-07-24T19:09:34.348Z ,         5903   ,            11 ,             6744 ,          6724 ,          269
CRAWLED     ,url#27    ,puppeteer    ,2024-07-24T19:09:34.212Z ,         1408   ,           694 ,             6608 ,          6635 ,          269
CRAWLED     ,url#27    ,OpenWPM_HL   ,2024-07-24T19:09:34.475Z ,         4700   ,             0 ,             6871 ,          6849 ,          269
CRAWLED     ,url#27    ,puppeteer_HL ,2024-07-24T19:09:34.206Z ,          586   ,           693 ,             6602 ,          6634 ,          269
CRAWLED     ,url#28    ,OpenWPM      ,2024-07-24T19:10:08.941Z ,         5526   ,            11 ,             6328 ,          6302 ,          465
CRAWLED     ,url#28    ,puppeteer    ,2024-07-24T19:10:08.845Z ,         1158   ,           694 ,             6232 ,          6263 ,          465
CRAWLED     ,url#28    ,OpenWPM_HL   ,2024-07-24T19:10:09.305Z ,         4681   ,             0 ,             6692 ,          6605 ,          465
CRAWLED     ,url#28    ,puppeteer_HL ,2024-07-24T19:10:08.840Z ,         1108   ,           693 ,             6227 ,          6245 ,          465
CRAWLED     ,url#29    ,OpenWPM      ,2024-07-24T19:10:33.659Z ,         5443   ,            11 ,             6312 ,          6298 ,          233
CRAWLED     ,url#29    ,puppeteer    ,2024-07-24T19:10:33.499Z ,         1157   ,           694 ,             6152 ,          6182 ,          233
CRAWLED     ,url#29    ,OpenWPM_HL   ,2024-07-24T19:10:33.723Z ,         4327   ,             0 ,             6376 ,          6356 ,          233
CRAWLED     ,url#29    ,puppeteer_HL ,2024-07-24T19:10:33.490Z ,          823   ,           693 ,             6143 ,          6174 ,          233
CRAWLED     ,url#30    ,OpenWPM      ,2024-07-24T19:10:58.171Z ,         5474   ,            11 ,             6290 ,          6210 ,          183
CRAWLED     ,url#30    ,puppeteer    ,2024-07-24T19:10:58.064Z ,         1207   ,           694 ,             6183 ,          6225 ,          183
CRAWLED     ,url#30    ,OpenWPM_HL   ,2024-07-24T19:10:58.238Z ,         4035   ,             0 ,             6357 ,          6327 ,          183
CRAWLED     ,url#30    ,puppeteer_HL ,2024-07-24T19:10:58.055Z ,          721   ,           693 ,             6174 ,          6213 ,          183
CRAWLED     ,url#31    ,OpenWPM      ,2024-07-24T19:11:23.064Z ,         5872   ,            11 ,             6714 ,          6681 ,          141
CRAWLED     ,url#31    ,puppeteer    ,2024-07-24T19:11:22.930Z ,         1293   ,           694 ,             6580 ,          6610 ,          141
CRAWLED     ,url#31    ,OpenWPM_HL   ,2024-07-24T19:11:23.007Z ,         4753   ,             0 ,             6657 ,          6633 ,          141
CRAWLED     ,url#31    ,puppeteer_HL ,2024-07-24T19:11:22.923Z ,          853   ,           693 ,             6573 ,          6603 ,          141
CRAWLED     ,url#32    ,OpenWPM      ,2024-07-24T19:11:47.881Z ,         6057   ,            11 ,             6583 ,          6543 ,          250
CRAWLED     ,url#32    ,puppeteer    ,2024-07-24T19:11:48.059Z ,         1139   ,           694 ,             6761 ,          6797 ,          250
CRAWLED     ,url#32    ,OpenWPM_HL   ,2024-07-24T19:11:47.809Z ,         4496   ,             0 ,             6511 ,          6494 ,          250
CRAWLED     ,url#32    ,puppeteer_HL ,2024-07-24T19:11:48.058Z ,          777   ,           693 ,             6760 ,          6805 ,          250
CRAWLED     ,url#33    ,OpenWPM      ,2024-07-24T19:12:22.869Z ,         5911   ,            11 ,             6862 ,          6830 ,          543
CRAWLED     ,url#33    ,puppeteer    ,2024-07-24T19:12:22.620Z ,          953   ,           694 ,             6613 ,          6666 ,          543
CRAWLED     ,url#33    ,OpenWPM_HL   ,2024-07-24T19:12:22.326Z ,         4249   ,             0 ,             6319 ,          6292 ,          543
CRAWLED     ,url#33    ,puppeteer_HL ,2024-07-24T19:12:22.649Z ,         1043   ,           693 ,             6642 ,          6701 ,          543
CRAWLED     ,url#34    ,OpenWPM      ,2024-07-24T19:12:47.994Z ,         6075   ,            11 ,             7022 ,          7006 ,          324
CRAWLED     ,url#34    ,puppeteer    ,2024-07-24T19:12:47.752Z ,         1678   ,           694 ,             6780 ,          6817 ,          324
CRAWLED     ,url#34    ,OpenWPM_HL   ,2024-07-24T19:12:47.670Z ,         4660   ,             0 ,             6698 ,          6681 ,          324
CRAWLED     ,url#34    ,puppeteer_HL ,2024-07-24T19:12:47.749Z ,          623   ,           693 ,             6777 ,          6824 ,          324
CRAWLED     ,url#35    ,OpenWPM      ,2024-07-24T19:13:22.217Z ,         5580   ,            11 ,             6405 ,          6365 ,          305
CRAWLED     ,url#35    ,puppeteer    ,2024-07-24T19:13:22.107Z ,         1249   ,           694 ,             6295 ,          6360 ,          305
CRAWLED     ,url#35    ,OpenWPM_HL   ,2024-07-24T19:13:21.912Z ,         4250   ,             0 ,             6100 ,          6081 ,          305
CRAWLED     ,url#35    ,puppeteer_HL ,2024-07-24T19:13:22.093Z ,          727   ,           693 ,             6281 ,          6368 ,          305
CRAWLED     ,url#36    ,OpenWPM      ,2024-07-24T19:13:56.623Z ,         5602   ,            11 ,             6327 ,          6281 ,          427
CRAWLED     ,url#36    ,puppeteer    ,2024-07-24T19:13:56.602Z ,         1337   ,           694 ,             6306 ,          6336 ,          427
CRAWLED     ,url#36    ,OpenWPM_HL   ,2024-07-24T19:13:57.028Z ,         4586   ,             0 ,             6732 ,          6708 ,          427
CRAWLED     ,url#36    ,puppeteer_HL ,2024-07-24T19:13:56.601Z ,          746   ,           693 ,             6305 ,          6357 ,          427
CRAWLED     ,url#37    ,OpenWPM      ,2024-07-24T19:14:31.582Z ,         5297   ,            11 ,             6392 ,          6372 ,          462
CRAWLED     ,url#37    ,puppeteer    ,2024-07-24T19:14:31.199Z ,         1081   ,           694 ,             6009 ,          6034 ,          462
CRAWLED     ,url#37    ,OpenWPM_HL   ,2024-07-24T19:14:31.649Z ,         4570   ,             0 ,             6459 ,          6442 ,          462
CRAWLED     ,url#37    ,puppeteer_HL ,2024-07-24T19:14:31.187Z ,          747   ,           693 ,             5997 ,          6034 ,          462
CRAWLED     ,url#38    ,OpenWPM      ,2024-07-24T19:15:06.461Z ,         5686   ,            11 ,             6767 ,          6767 ,          380
CRAWLED     ,url#38    ,puppeteer    ,2024-07-24T19:15:06.086Z ,         1115   ,           694 ,             6392 ,          6423 ,          380
CRAWLED     ,url#38    ,OpenWPM_HL   ,2024-07-24T19:15:06.155Z ,         4349   ,             0 ,             6461 ,          6394 ,          380
CRAWLED     ,url#38    ,puppeteer_HL ,2024-07-24T19:15:06.081Z ,         1123   ,           693 ,             6387 ,          6438 ,          380
CRAWLED     ,url#39    ,OpenWPM      ,2024-07-24T19:15:40.339Z ,         5213   ,            11 ,             6122 ,          6097 ,          670
CRAWLED     ,url#39    ,puppeteer    ,2024-07-24T19:15:40.131Z ,         1178   ,           694 ,             5914 ,          5935 ,          670
CRAWLED     ,url#39    ,OpenWPM_HL   ,2024-07-24T19:15:40.801Z ,         4622   ,             0 ,             6584 ,          6568 ,          670
CRAWLED     ,url#39    ,puppeteer_HL ,2024-07-24T19:15:40.146Z ,          680   ,           693 ,             5929 ,          5958 ,          670
CRAWLED     ,url#40    ,OpenWPM      ,2024-07-24T19:16:15.067Z ,         5654   ,            11 ,             6576 ,          6557 ,          220
CRAWLED     ,url#40    ,puppeteer    ,2024-07-24T19:16:14.847Z ,          998   ,           694 ,             6356 ,          6400 ,          220
CRAWLED     ,url#40    ,OpenWPM_HL   ,2024-07-24T19:16:15.021Z ,         4318   ,             0 ,             6530 ,          6507 ,          220
CRAWLED     ,url#40    ,puppeteer_HL ,2024-07-24T19:16:14.852Z ,          683   ,           693 ,             6361 ,          6388 ,          220
CRAWLED     ,url#41    ,OpenWPM      ,2024-07-24T19:16:39.630Z ,         5715   ,            11 ,             6404 ,          6384 ,           68
CRAWLED     ,url#41    ,puppeteer    ,2024-07-24T19:16:39.646Z ,         1255   ,           694 ,             6420 ,          6466 ,           68
CRAWLED     ,url#41    ,OpenWPM_HL   ,2024-07-24T19:16:39.698Z ,         4825   ,             0 ,             6472 ,          6451 ,           68
CRAWLED     ,url#41    ,puppeteer_HL ,2024-07-24T19:16:39.644Z ,          982   ,           693 ,             6418 ,          6463 ,           68
CRAWLED     ,url#42    ,OpenWPM      ,2024-07-24T19:17:14.350Z ,         5730   ,            11 ,             6503 ,          6452 ,           82
CRAWLED     ,url#42    ,puppeteer    ,2024-07-24T19:17:14.283Z ,         1077   ,           694 ,             6436 ,          6465 ,           82
CRAWLED     ,url#42    ,OpenWPM_HL   ,2024-07-24T19:17:14.359Z ,         4734   ,             0 ,             6512 ,          6472 ,           82
CRAWLED     ,url#42    ,puppeteer_HL ,2024-07-24T19:17:14.277Z ,          651   ,           693 ,             6430 ,          6460 ,           82
CRAWLED     ,url#43    ,OpenWPM      ,2024-07-24T19:17:48.746Z ,         5369   ,            11 ,             6276 ,          6252 ,          265
CRAWLED     ,url#43    ,puppeteer    ,2024-07-24T19:17:48.542Z ,         1194   ,           694 ,             6072 ,          6093 ,          265
CRAWLED     ,url#43    ,OpenWPM_HL   ,2024-07-24T19:17:48.807Z ,         4834   ,             0 ,             6337 ,          6313 ,          265
CRAWLED     ,url#43    ,puppeteer_HL ,2024-07-24T19:17:48.545Z ,          684   ,           693 ,             6075 ,          6117 ,          265
CRAWLED     ,url#44    ,OpenWPM      ,2024-07-24T19:18:13.767Z ,         5968   ,            11 ,             6827 ,          6801 ,          159
CRAWLED     ,url#44    ,puppeteer    ,2024-07-24T19:18:13.614Z ,         1141   ,           694 ,             6674 ,          6703 ,          159
CRAWLED     ,url#44    ,OpenWPM_HL   ,2024-07-24T19:18:13.705Z ,         4607   ,             0 ,             6765 ,          6744 ,          159
CRAWLED     ,url#44    ,puppeteer_HL ,2024-07-24T19:18:13.608Z ,          713   ,           693 ,             6668 ,          6699 ,          159
CRAWLED     ,url#45    ,OpenWPM      ,2024-07-24T19:18:38.608Z ,         5731   ,            11 ,             6688 ,          6668 ,          349
CRAWLED     ,url#45    ,puppeteer    ,2024-07-24T19:18:38.355Z ,         1170   ,           694 ,             6435 ,          6464 ,          349
CRAWLED     ,url#45    ,OpenWPM_HL   ,2024-07-24T19:18:38.259Z ,         4229   ,             0 ,             6339 ,          6312 ,          349
CRAWLED     ,url#45    ,puppeteer_HL ,2024-07-24T19:18:38.357Z ,          728   ,           693 ,             6437 ,          6472 ,          349
CRAWLED     ,url#46    ,OpenWPM      ,2024-07-24T19:19:03.514Z ,         5838   ,            11 ,             6761 ,          6738 ,          221
CRAWLED     ,url#46    ,puppeteer    ,2024-07-24T19:19:03.293Z ,         1317   ,           694 ,             6540 ,          6570 ,          221
CRAWLED     ,url#46    ,OpenWPM_HL   ,2024-07-24T19:19:03.408Z ,         4500   ,             0 ,             6655 ,          6632 ,          221
CRAWLED     ,url#46    ,puppeteer_HL ,2024-07-24T19:19:03.295Z ,          849   ,           693 ,             6542 ,          6574 ,          221
CRAWLED     ,url#47    ,OpenWPM      ,2024-07-24T19:19:28.727Z ,         6121   ,            11 ,             7066 ,          7024 ,          244
CRAWLED     ,url#47    ,puppeteer    ,2024-07-24T19:19:28.488Z ,         1402   ,           694 ,             6827 ,          6862 ,          244
CRAWLED     ,url#47    ,OpenWPM_HL   ,2024-07-24T19:19:28.703Z ,         4686   ,             0 ,             7042 ,          7019 ,          244
CRAWLED     ,url#47    ,puppeteer_HL ,2024-07-24T19:19:28.483Z ,          544   ,           693 ,             6822 ,          6850 ,          244
CRAWLED     ,url#48    ,OpenWPM      ,2024-07-24T19:19:53.390Z ,         5624   ,            11 ,             6488 ,          6462 ,          212
CRAWLED     ,url#48    ,puppeteer    ,2024-07-24T19:19:53.227Z ,         1674   ,           694 ,             6325 ,          6353 ,          212
CRAWLED     ,url#48    ,OpenWPM_HL   ,2024-07-24T19:19:53.439Z ,         4590   ,             0 ,             6537 ,          6517 ,          212
CRAWLED     ,url#48    ,puppeteer_HL ,2024-07-24T19:19:53.231Z ,         1006   ,           693 ,             6329 ,          6367 ,          212
CRAWLED     ,url#49    ,OpenWPM      ,2024-07-24T19:20:18.127Z ,         5684   ,            11 ,             6494 ,          6466 ,          433
CRAWLED     ,url#49    ,puppeteer    ,2024-07-24T19:20:18.020Z ,         1278   ,           694 ,             6387 ,          6416 ,          433
CRAWLED     ,url#49    ,OpenWPM_HL   ,2024-07-24T19:20:17.694Z ,         4236   ,             0 ,             6061 ,          6045 ,          433
CRAWLED     ,url#49    ,puppeteer_HL ,2024-07-24T19:20:18.022Z ,          868   ,           693 ,             6389 ,          6426 ,          433
CRAWLED     ,url#50    ,OpenWPM      ,2024-07-24T19:20:43.305Z ,         5826   ,            11 ,             6986 ,          6954 ,          704
CRAWLED     ,url#50    ,puppeteer    ,2024-07-24T19:20:42.850Z ,         1204   ,           694 ,             6531 ,          6568 ,          704
CRAWLED     ,url#50    ,OpenWPM_HL   ,2024-07-24T19:20:42.601Z ,         4396   ,             0 ,             6282 ,          6243 ,          704
CRAWLED     ,url#50    ,puppeteer_HL ,2024-07-24T19:20:42.846Z ,         1135   ,           693 ,             6527 ,          6569 ,          704
CRAWLED     ,url#51    ,OpenWPM      ,2024-07-24T19:21:18.329Z ,         6099   ,            11 ,             6892 ,          6855 ,          765
CRAWLED     ,url#51    ,puppeteer    ,2024-07-24T19:21:18.242Z ,         1525   ,           694 ,             6805 ,          6845 ,          765
CRAWLED     ,url#51    ,OpenWPM_HL   ,2024-07-24T19:21:17.564Z ,         4594   ,             0 ,             6127 ,          6102 ,          765
CRAWLED     ,url#51    ,puppeteer_HL ,2024-07-24T19:21:18.238Z ,         1089   ,           693 ,             6801 ,          6829 ,          765
CRAWLED     ,url#52    ,OpenWPM      ,2024-07-24T19:21:42.950Z ,         5652   ,            11 ,             6529 ,          6495 ,          174
CRAWLED     ,url#52    ,puppeteer    ,2024-07-24T19:21:42.780Z ,         1282   ,           694 ,             6359 ,          6391 ,          174
CRAWLED     ,url#52    ,OpenWPM_HL   ,2024-07-24T19:21:42.945Z ,         4339   ,             0 ,             6524 ,          6504 ,          174
CRAWLED     ,url#52    ,puppeteer_HL ,2024-07-24T19:21:42.776Z ,          874   ,           693 ,             6355 ,          6389 ,          174
CRAWLED     ,url#53    ,OpenWPM      ,2024-07-24T19:22:17.153Z ,         5644   ,            11 ,             6113 ,          6097 ,          295
CRAWLED     ,url#53    ,puppeteer    ,2024-07-24T19:22:17.390Z ,         1131   ,           694 ,             6350 ,          6384 ,          295
CRAWLED     ,url#53    ,OpenWPM_HL   ,2024-07-24T19:22:17.448Z ,         4814   ,             0 ,             6408 ,          6365 ,          295
CRAWLED     ,url#53    ,puppeteer_HL ,2024-07-24T19:22:17.384Z ,          770   ,           693 ,             6344 ,          6380 ,          295
CRAWLED     ,url#54    ,OpenWPM      ,2024-07-24T19:22:51.878Z ,         5731   ,            11 ,             6607 ,          6586 ,          219
CRAWLED     ,url#54    ,puppeteer    ,2024-07-24T19:22:51.709Z ,         1581   ,           694 ,             6438 ,          6473 ,          219
CRAWLED     ,url#54    ,OpenWPM_HL   ,2024-07-24T19:22:51.923Z ,         4263   ,             0 ,             6652 ,          6633 ,          219
CRAWLED     ,url#54    ,puppeteer_HL ,2024-07-24T19:22:51.704Z ,         1213   ,           693 ,             6433 ,          6485 ,          219
CRAWLED     ,url#55    ,OpenWPM      ,2024-07-24T19:23:16.468Z ,         5746   ,            11 ,             6412 ,          6388 ,           85
CRAWLED     ,url#55    ,puppeteer    ,2024-07-24T19:23:16.506Z ,          980   ,           694 ,             6450 ,          6491 ,           85
CRAWLED     ,url#55    ,OpenWPM_HL   ,2024-07-24T19:23:16.553Z ,         4696   ,             0 ,             6497 ,          6453 ,           85
CRAWLED     ,url#55    ,puppeteer_HL ,2024-07-24T19:23:16.506Z ,          781   ,           693 ,             6450 ,          6508 ,           85
CRAWLED     ,url#56    ,OpenWPM      ,2024-07-24T19:23:51.123Z ,         5585   ,            11 ,             6546 ,          6512 ,          256
CRAWLED     ,url#56    ,puppeteer    ,2024-07-24T19:23:50.869Z ,         1440   ,           694 ,             6292 ,          6326 ,          256
CRAWLED     ,url#56    ,OpenWPM_HL   ,2024-07-24T19:23:50.961Z ,         4122   ,             0 ,             6384 ,          6347 ,          256
CRAWLED     ,url#56    ,puppeteer_HL ,2024-07-24T19:23:50.867Z ,         1258   ,           693 ,             6290 ,          6335 ,          256
CRAWLED     ,url#57    ,OpenWPM      ,2024-07-24T19:24:25.660Z ,         5517   ,            11 ,             6416 ,          6396 ,          287
CRAWLED     ,url#57    ,puppeteer    ,2024-07-24T19:24:25.464Z ,         1243   ,           694 ,             6220 ,          6257 ,          287
CRAWLED     ,url#57    ,OpenWPM_HL   ,2024-07-24T19:24:25.751Z ,         4335   ,             0 ,             6507 ,          6478 ,          287
CRAWLED     ,url#57    ,puppeteer_HL ,2024-07-24T19:24:25.465Z ,         1078   ,           693 ,             6221 ,          6248 ,          287
CRAWLED     ,url#58    ,OpenWPM      ,2024-07-24T19:24:50.267Z ,         5597   ,            11 ,             6397 ,          6363 ,          226
CRAWLED     ,url#58    ,puppeteer    ,2024-07-24T19:24:50.172Z ,         1203   ,           694 ,             6302 ,          6343 ,          226
CRAWLED     ,url#58    ,OpenWPM_HL   ,2024-07-24T19:24:50.396Z ,         4989   ,             0 ,             6526 ,          6498 ,          226
CRAWLED     ,url#58    ,puppeteer_HL ,2024-07-24T19:24:50.170Z ,          821   ,           693 ,             6300 ,          6333 ,          226
CRAWLED     ,url#59    ,OpenWPM      ,2024-07-24T19:25:14.999Z ,         5352   ,            11 ,             6492 ,          6466 ,          490
CRAWLED     ,url#59    ,puppeteer    ,2024-07-24T19:25:14.567Z ,         1084   ,           694 ,             6060 ,          6084 ,          490
CRAWLED     ,url#59    ,OpenWPM_HL   ,2024-07-24T19:25:15.049Z ,         4716   ,             0 ,             6542 ,          6521 ,          490
CRAWLED     ,url#59    ,puppeteer_HL ,2024-07-24T19:25:14.559Z ,          784   ,           693 ,             6052 ,          6094 ,          490
CRAWLED     ,url#60    ,OpenWPM      ,2024-07-24T19:25:39.660Z ,         5451   ,            11 ,             6434 ,          6415 ,          282
CRAWLED     ,url#60    ,puppeteer    ,2024-07-24T19:25:39.378Z ,         1008   ,           694 ,             6152 ,          6182 ,          282
CRAWLED     ,url#60    ,OpenWPM_HL   ,2024-07-24T19:25:39.630Z ,         4588   ,             0 ,             6404 ,          6383 ,          282
CRAWLED     ,url#60    ,puppeteer_HL ,2024-07-24T19:25:39.381Z ,         1051   ,           693 ,             6155 ,          6191 ,          282
CRAWLED     ,url#61    ,OpenWPM      ,2024-07-24T19:26:04.384Z ,         5554   ,            11 ,             6588 ,          6559 ,          333
CRAWLED     ,url#61    ,puppeteer    ,2024-07-24T19:26:04.056Z ,         1172   ,           694 ,             6260 ,          6288 ,          333
CRAWLED     ,url#61    ,OpenWPM_HL   ,2024-07-24T19:26:04.362Z ,         4652   ,             0 ,             6566 ,          6547 ,          333
CRAWLED     ,url#61    ,puppeteer_HL ,2024-07-24T19:26:04.051Z ,          875   ,           693 ,             6255 ,          6295 ,          333
CRAWLED     ,url#62    ,OpenWPM      ,2024-07-24T19:26:39.152Z ,         5823   ,            11 ,             6640 ,          6619 ,          151
CRAWLED     ,url#62    ,puppeteer    ,2024-07-24T19:26:39.040Z ,         1334   ,           694 ,             6528 ,          6560 ,          151
CRAWLED     ,url#62    ,OpenWPM_HL   ,2024-07-24T19:26:39.186Z ,         4385   ,             0 ,             6674 ,          6653 ,          151
CRAWLED     ,url#62    ,puppeteer_HL ,2024-07-24T19:26:39.035Z ,          732   ,           693 ,             6523 ,          6560 ,          151
CRAWLED     ,url#63    ,OpenWPM      ,2024-07-24T19:27:03.912Z ,         5826   ,            11 ,             6512 ,          6466 ,           91
CRAWLED     ,url#63    ,puppeteer    ,2024-07-24T19:27:03.934Z ,         1151   ,           694 ,             6534 ,          6569 ,           91
CRAWLED     ,url#63    ,OpenWPM_HL   ,2024-07-24T19:27:03.844Z ,         4508   ,             0 ,             6444 ,          6425 ,           91
CRAWLED     ,url#63    ,puppeteer_HL ,2024-07-24T19:27:03.935Z ,          922   ,           693 ,             6535 ,          6621 ,           91
CRAWLED     ,url#64    ,OpenWPM      ,2024-07-24T19:27:38.275Z ,         5498   ,            11 ,             6283 ,          6261 ,          132
CRAWLED     ,url#64    ,puppeteer    ,2024-07-24T19:27:38.197Z ,         1096   ,           694 ,             6205 ,          6244 ,          132
CRAWLED     ,url#64    ,OpenWPM_HL   ,2024-07-24T19:27:38.324Z ,         4151   ,             0 ,             6332 ,          6308 ,          132
CRAWLED     ,url#64    ,puppeteer_HL ,2024-07-24T19:27:38.192Z ,          671   ,           693 ,             6200 ,          6237 ,          132
CRAWLED     ,url#65    ,OpenWPM      ,2024-07-24T19:28:03.152Z ,         5887   ,            11 ,             6691 ,          6653 ,          105
CRAWLED     ,url#65    ,puppeteer    ,2024-07-24T19:28:03.054Z ,          939   ,           694 ,             6593 ,          6616 ,          105
CRAWLED     ,url#65    ,OpenWPM_HL   ,2024-07-24T19:28:03.133Z ,         4792   ,             0 ,             6672 ,          6646 ,          105
CRAWLED     ,url#65    ,puppeteer_HL ,2024-07-24T19:28:03.047Z ,          678   ,           693 ,             6586 ,          6613 ,          105
CRAWLED     ,url#66    ,OpenWPM      ,2024-07-24T19:28:27.875Z ,         5524   ,            11 ,             6595 ,          6569 ,          366
CRAWLED     ,url#66    ,puppeteer    ,2024-07-24T19:28:27.509Z ,         1291   ,           694 ,             6229 ,          6288 ,          366
CRAWLED     ,url#66    ,OpenWPM_HL   ,2024-07-24T19:28:27.673Z ,         4411   ,             0 ,             6393 ,          6375 ,          366
CRAWLED     ,url#66    ,puppeteer_HL ,2024-07-24T19:28:27.509Z ,          834   ,           693 ,             6229 ,          6281 ,          366
CRAWLED     ,url#67    ,OpenWPM      ,2024-07-24T19:29:01.858Z ,         5612   ,            11 ,             6049 ,          6022 ,          456
CRAWLED     ,url#67    ,puppeteer    ,2024-07-24T19:29:02.125Z ,         1279   ,           694 ,             6316 ,          6345 ,          456
CRAWLED     ,url#67    ,OpenWPM_HL   ,2024-07-24T19:29:02.314Z ,         4365   ,             0 ,             6505 ,          6485 ,          456
CRAWLED     ,url#67    ,puppeteer_HL ,2024-07-24T19:29:02.123Z ,          910   ,           693 ,             6314 ,          6342 ,          456
CRAWLED     ,url#68    ,OpenWPM      ,2024-07-24T19:29:27.273Z ,         5893   ,            11 ,             6819 ,          6793 ,          224
CRAWLED     ,url#68    ,puppeteer    ,2024-07-24T19:29:27.052Z ,         1247   ,           694 ,             6598 ,          6636 ,          224
CRAWLED     ,url#68    ,OpenWPM_HL   ,2024-07-24T19:29:27.184Z ,         4388   ,             0 ,             6730 ,          6714 ,          224
CRAWLED     ,url#68    ,puppeteer_HL ,2024-07-24T19:29:27.049Z ,          836   ,           693 ,             6595 ,          6638 ,          224
CRAWLED     ,url#69    ,OpenWPM      ,2024-07-24T19:29:51.835Z ,         5779   ,            11 ,             6440 ,          6418 ,          243
CRAWLED     ,url#69    ,puppeteer    ,2024-07-24T19:29:51.877Z ,         1484   ,           694 ,             6482 ,          6512 ,          243
CRAWLED     ,url#69    ,OpenWPM_HL   ,2024-07-24T19:29:52.078Z ,         4661   ,             0 ,             6683 ,          6662 ,          243
CRAWLED     ,url#69    ,puppeteer_HL ,2024-07-24T19:29:51.880Z ,         1344   ,           693 ,             6485 ,          6523 ,          243
CRAWLED     ,url#70    ,OpenWPM      ,2024-07-24T19:30:16.873Z ,         5534   ,            11 ,             6641 ,          6620 ,          407
CRAWLED     ,url#70    ,puppeteer    ,2024-07-24T19:30:16.477Z ,         1231   ,           694 ,             6245 ,          6272 ,          407
CRAWLED     ,url#70    ,OpenWPM_HL   ,2024-07-24T19:30:16.546Z ,         4540   ,             0 ,             6314 ,          6295 ,          407
CRAWLED     ,url#70    ,puppeteer_HL ,2024-07-24T19:30:16.466Z ,          963   ,           693 ,             6234 ,          6264 ,          407
CRAWLED     ,url#71    ,OpenWPM      ,2024-07-24T19:30:41.784Z ,         5725   ,            11 ,             6791 ,          6741 ,          364
CRAWLED     ,url#71    ,puppeteer    ,2024-07-24T19:30:41.420Z ,         1358   ,           694 ,             6427 ,          6474 ,          364
CRAWLED     ,url#71    ,OpenWPM_HL   ,2024-07-24T19:30:41.760Z ,         4565   ,             0 ,             6767 ,          6748 ,          364
CRAWLED     ,url#71    ,puppeteer_HL ,2024-07-24T19:30:41.424Z ,          934   ,           693 ,             6431 ,          6477 ,          364
CRAWLED     ,url#72    ,OpenWPM      ,2024-07-24T19:31:06.974Z ,         5881   ,            11 ,             6982 ,          6954 ,         1047
CRAWLED     ,url#72    ,puppeteer    ,2024-07-24T19:31:06.578Z ,         1632   ,           694 ,             6586 ,          6615 ,         1047
CRAWLED     ,url#72    ,OpenWPM_HL   ,2024-07-24T19:31:05.927Z ,         4258   ,             0 ,             5935 ,          5919 ,         1047
CRAWLED     ,url#72    ,puppeteer_HL ,2024-07-24T19:31:06.574Z ,         1131   ,           693 ,             6582 ,          6646 ,         1047
CRAWLED     ,url#73    ,OpenWPM      ,2024-07-24T19:31:41.559Z ,         5560   ,            11 ,             6486 ,          6467 ,          405
CRAWLED     ,url#73    ,puppeteer    ,2024-07-24T19:31:41.336Z ,         1178   ,           694 ,             6263 ,          6287 ,          405
CRAWLED     ,url#73    ,OpenWPM_HL   ,2024-07-24T19:31:41.739Z ,         4734   ,             0 ,             6666 ,          6648 ,          405
CRAWLED     ,url#73    ,puppeteer_HL ,2024-07-24T19:31:41.334Z ,          899   ,           693 ,             6261 ,          6298 ,          405
CRAWLED     ,url#74    ,OpenWPM      ,2024-07-24T19:32:06.260Z ,         5369   ,            11 ,             6416 ,          6380 ,          361
CRAWLED     ,url#74    ,puppeteer    ,2024-07-24T19:32:05.916Z ,         1341   ,           694 ,             6072 ,          6100 ,          361
CRAWLED     ,url#74    ,OpenWPM_HL   ,2024-07-24T19:32:06.277Z ,         4094   ,             0 ,             6433 ,          6400 ,          361
CRAWLED     ,url#74    ,puppeteer_HL ,2024-07-24T19:32:05.917Z ,         1014   ,           693 ,             6073 ,          6119 ,          361
CRAWLED     ,url#75    ,OpenWPM      ,2024-07-24T19:32:30.693Z ,         5485   ,            11 ,             6302 ,          6261 ,          121
CRAWLED     ,url#75    ,puppeteer    ,2024-07-24T19:32:30.577Z ,         1367   ,           694 ,             6186 ,          6211 ,          121
CRAWLED     ,url#75    ,OpenWPM_HL   ,2024-07-24T19:32:30.698Z ,         4107   ,             0 ,             6307 ,          6272 ,          121
CRAWLED     ,url#75    ,puppeteer_HL ,2024-07-24T19:32:30.588Z ,          920   ,           693 ,             6197 ,          6234 ,          121
CRAWLED     ,url#76    ,OpenWPM      ,2024-07-24T19:33:05.202Z ,         5607   ,            11 ,             6394 ,          6330 ,           87
CRAWLED     ,url#76    ,puppeteer    ,2024-07-24T19:33:05.127Z ,         1156   ,           694 ,             6319 ,          6379 ,           87
CRAWLED     ,url#76    ,OpenWPM_HL   ,2024-07-24T19:33:05.167Z ,         4200   ,             0 ,             6359 ,          6337 ,           87
CRAWLED     ,url#76    ,puppeteer_HL ,2024-07-24T19:33:05.115Z ,          803   ,           693 ,             6307 ,          6356 ,           87
CRAWLED     ,url#77    ,OpenWPM      ,2024-07-24T19:33:29.895Z ,         5551   ,            11 ,             6605 ,          6588 ,          351
CRAWLED     ,url#77    ,puppeteer    ,2024-07-24T19:33:29.546Z ,         1218   ,           694 ,             6256 ,          6283 ,          351
CRAWLED     ,url#77    ,OpenWPM_HL   ,2024-07-24T19:33:29.627Z ,         4165   ,             0 ,             6337 ,          6314 ,          351
CRAWLED     ,url#77    ,puppeteer_HL ,2024-07-24T19:33:29.544Z ,         1083   ,           693 ,             6254 ,          6295 ,          351
CRAWLED     ,url#78    ,OpenWPM      ,2024-07-24T19:33:54.408Z ,         5594   ,            11 ,             6372 ,          6322 ,          216
CRAWLED     ,url#78    ,puppeteer    ,2024-07-24T19:33:54.337Z ,         1186   ,           694 ,             6301 ,          6341 ,          216
CRAWLED     ,url#78    ,OpenWPM_HL   ,2024-07-24T19:33:54.192Z ,         4403   ,             0 ,             6156 ,          6134 ,          216
CRAWLED     ,url#78    ,puppeteer_HL ,2024-07-24T19:33:54.331Z ,          783   ,           693 ,             6295 ,          6341 ,          216
CRAWLED     ,url#79    ,OpenWPM      ,2024-07-24T19:34:19.340Z ,         5824   ,            11 ,             6842 ,          6824 ,          605
CRAWLED     ,url#79    ,puppeteer    ,2024-07-24T19:34:19.026Z ,         1237   ,           694 ,             6528 ,          6567 ,          605
CRAWLED     ,url#79    ,OpenWPM_HL   ,2024-07-24T19:34:18.735Z ,         4228   ,             0 ,             6237 ,          6221 ,          605
CRAWLED     ,url#79    ,puppeteer_HL ,2024-07-24T19:34:19.024Z ,          612   ,           693 ,             6526 ,          6559 ,          605
CRAWLED     ,url#80    ,OpenWPM      ,2024-07-24T19:34:44.073Z ,         5815   ,            11 ,             6593 ,          6549 ,          106
CRAWLED     ,url#80    ,puppeteer    ,2024-07-24T19:34:43.999Z ,         1013   ,           694 ,             6519 ,          6574 ,          106
CRAWLED     ,url#80    ,OpenWPM_HL   ,2024-07-24T19:34:43.967Z ,         4454   ,             0 ,             6487 ,          6457 ,          106
CRAWLED     ,url#80    ,puppeteer_HL ,2024-07-24T19:34:44.006Z ,         1117   ,           693 ,             6526 ,          6568 ,          106
CRAWLED     ,url#81    ,OpenWPM      ,2024-07-24T19:35:08.617Z ,         5674   ,            11 ,             6444 ,          6400 ,           89
CRAWLED     ,url#81    ,puppeteer    ,2024-07-24T19:35:08.553Z ,         1045   ,           694 ,             6380 ,          6419 ,           89
CRAWLED     ,url#81    ,OpenWPM_HL   ,2024-07-24T19:35:08.528Z ,         4417   ,             0 ,             6355 ,          6334 ,           89
CRAWLED     ,url#81    ,puppeteer_HL ,2024-07-24T19:35:08.555Z ,          642   ,           693 ,             6382 ,          6421 ,           89
CRAWLED     ,url#82    ,OpenWPM      ,2024-07-24T19:35:43.274Z ,         5608   ,            11 ,             6528 ,          6510 ,          218
CRAWLED     ,url#82    ,puppeteer    ,2024-07-24T19:35:43.057Z ,         1223   ,           694 ,             6311 ,          6331 ,          218
CRAWLED     ,url#82    ,OpenWPM_HL   ,2024-07-24T19:35:43.172Z ,         4260   ,             0 ,             6426 ,          6410 ,          218
CRAWLED     ,url#82    ,puppeteer_HL ,2024-07-24T19:35:43.056Z ,         1030   ,           693 ,             6310 ,          6353 ,          218
CRAWLED     ,url#83    ,OpenWPM      ,2024-07-24T19:36:17.954Z ,         5948   ,            11 ,             6641 ,          6615 ,          126
CRAWLED     ,url#83    ,puppeteer    ,2024-07-24T19:36:17.970Z ,         1220   ,           694 ,             6657 ,          6720 ,          126
CRAWLED     ,url#83    ,OpenWPM_HL   ,2024-07-24T19:36:18.080Z ,         4550   ,             0 ,             6767 ,          6726 ,          126
CRAWLED     ,url#83    ,puppeteer_HL ,2024-07-24T19:36:17.962Z ,          793   ,           693 ,             6649 ,          6692 ,          126
CRAWLED     ,url#84    ,OpenWPM      ,2024-07-24T19:36:42.582Z ,         5493   ,            11 ,             6391 ,          6371 ,          198
CRAWLED     ,url#84    ,puppeteer    ,2024-07-24T19:36:42.399Z ,         1208   ,           694 ,             6208 ,          6240 ,          198
CRAWLED     ,url#84    ,OpenWPM_HL   ,2024-07-24T19:36:42.502Z ,         4318   ,             0 ,             6311 ,          6291 ,          198
CRAWLED     ,url#84    ,puppeteer_HL ,2024-07-24T19:36:42.384Z ,          735   ,           693 ,             6193 ,          6221 ,          198
CRAWLED     ,url#85    ,OpenWPM      ,2024-07-24T19:37:07.047Z ,         5789   ,            11 ,             6310 ,          6283 ,          463
CRAWLED     ,url#85    ,puppeteer    ,2024-07-24T19:37:07.240Z ,         1342   ,           694 ,             6503 ,          6533 ,          463
CRAWLED     ,url#85    ,OpenWPM_HL   ,2024-07-24T19:37:07.510Z ,         5289   ,             0 ,             6773 ,          6752 ,          463
CRAWLED     ,url#85    ,puppeteer_HL ,2024-07-24T19:37:07.228Z ,          748   ,           693 ,             6491 ,          6538 ,          463
CRAWLED     ,url#86    ,OpenWPM      ,2024-07-24T19:37:31.897Z ,         5393   ,            11 ,             6265 ,          6201 ,          139
CRAWLED     ,url#86    ,puppeteer    ,2024-07-24T19:37:31.758Z ,         1208   ,           694 ,             6126 ,          6178 ,          139
CRAWLED     ,url#86    ,OpenWPM_HL   ,2024-07-24T19:37:31.835Z ,         3983   ,             0 ,             6203 ,          6173 ,          139
CRAWLED     ,url#86    ,puppeteer_HL ,2024-07-24T19:37:31.760Z ,          751   ,           693 ,             6128 ,          6156 ,          139
CRAWLED     ,url#87    ,OpenWPM      ,2024-07-24T19:37:56.493Z ,         5672   ,            11 ,             6498 ,          6469 ,          126
CRAWLED     ,url#87    ,puppeteer    ,2024-07-24T19:37:56.367Z ,         1280   ,           694 ,             6372 ,          6395 ,          126
CRAWLED     ,url#87    ,OpenWPM_HL   ,2024-07-24T19:37:56.460Z ,         4290   ,             0 ,             6465 ,          6445 ,          126
CRAWLED     ,url#87    ,puppeteer_HL ,2024-07-24T19:37:56.372Z ,          788   ,           693 ,             6377 ,          6407 ,          126
CRAWLED     ,url#88    ,OpenWPM      ,2024-07-24T19:38:31.455Z ,         6386   ,            11 ,             6875 ,          6842 ,          391
CRAWLED     ,url#88    ,puppeteer    ,2024-07-24T19:38:31.673Z ,         1247   ,           694 ,             7093 ,          7123 ,          391
CRAWLED     ,url#88    ,OpenWPM_HL   ,2024-07-24T19:38:31.282Z ,         4954   ,             0 ,             6702 ,          6684 ,          391
CRAWLED     ,url#88    ,puppeteer_HL ,2024-07-24T19:38:31.668Z ,         1021   ,           693 ,             7088 ,          7122 ,          391
CRAWLED     ,url#89    ,OpenWPM      ,2024-07-24T19:38:56.192Z ,         6171   ,            11 ,             6601 ,          6570 ,          281
CRAWLED     ,url#89    ,puppeteer    ,2024-07-24T19:38:56.473Z ,         1184   ,           694 ,             6882 ,          6914 ,          281
CRAWLED     ,url#89    ,OpenWPM_HL   ,2024-07-24T19:38:56.270Z ,         4850   ,             0 ,             6679 ,          6649 ,          281
CRAWLED     ,url#89    ,puppeteer_HL ,2024-07-24T19:38:56.465Z ,          799   ,           693 ,             6874 ,          6953 ,          281
CRAWLED     ,url#90    ,OpenWPM      ,2024-07-24T19:39:22.249Z ,         6315   ,            11 ,             7247 ,          7219 ,          783
CRAWLED     ,url#90    ,puppeteer    ,2024-07-24T19:39:22.024Z ,          903   ,           694 ,             7022 ,          7055 ,          783
CRAWLED     ,url#90    ,OpenWPM_HL   ,2024-07-24T19:39:21.466Z ,         4776   ,             0 ,             6464 ,          6443 ,          783
CRAWLED     ,url#90    ,puppeteer_HL ,2024-07-24T19:39:22.017Z ,         1017   ,           693 ,             7015 ,          7047 ,          783
CRAWLED     ,url#91    ,OpenWPM      ,2024-07-24T19:39:46.597Z ,         5823   ,            11 ,             6232 ,          6183 ,          332
CRAWLED     ,url#91    ,puppeteer    ,2024-07-24T19:39:46.900Z ,         1332   ,           694 ,             6535 ,          6580 ,          332
CRAWLED     ,url#91    ,OpenWPM_HL   ,2024-07-24T19:39:46.568Z ,         4800   ,             0 ,             6203 ,          6181 ,          332
CRAWLED     ,url#91    ,puppeteer_HL ,2024-07-24T19:39:46.890Z ,         1050   ,           693 ,             6525 ,          6589 ,          332
CRAWLED     ,url#92    ,OpenWPM      ,2024-07-24T19:40:11.131Z ,         5839   ,            11 ,             6301 ,          6283 ,          242
CRAWLED     ,url#92    ,puppeteer    ,2024-07-24T19:40:11.371Z ,         1023   ,           694 ,             6541 ,          6566 ,          242
CRAWLED     ,url#92    ,OpenWPM_HL   ,2024-07-24T19:40:11.197Z ,         4775   ,             0 ,             6367 ,          6347 ,          242
CRAWLED     ,url#92    ,puppeteer_HL ,2024-07-24T19:40:11.373Z ,          664   ,           693 ,             6543 ,          6579 ,          242
CRAWLED     ,url#93    ,OpenWPM      ,2024-07-24T19:40:46.231Z ,         6576   ,            11 ,             6893 ,          6852 ,          400
CRAWLED     ,url#93    ,puppeteer    ,2024-07-24T19:40:46.623Z ,         1150   ,           694 ,             7285 ,          7313 ,          400
CRAWLED     ,url#93    ,OpenWPM_HL   ,2024-07-24T19:40:46.223Z ,         5095   ,             0 ,             6885 ,          6864 ,          400
CRAWLED     ,url#93    ,puppeteer_HL ,2024-07-24T19:40:46.614Z ,          798   ,           693 ,             7276 ,          7312 ,          400
CRAWLED     ,url#94    ,OpenWPM      ,2024-07-24T19:41:20.987Z ,         5775   ,            11 ,             6618 ,          6591 ,          293
CRAWLED     ,url#94    ,puppeteer    ,2024-07-24T19:41:20.852Z ,         1558   ,           694 ,             6483 ,          6521 ,          293
CRAWLED     ,url#94    ,OpenWPM_HL   ,2024-07-24T19:41:21.139Z ,         4984   ,             0 ,             6770 ,          6755 ,          293
CRAWLED     ,url#94    ,puppeteer_HL ,2024-07-24T19:41:20.846Z ,          595   ,           693 ,             6477 ,          6506 ,          293
CRAWLED     ,url#95    ,OpenWPM      ,2024-07-24T19:41:45.796Z ,         5679   ,            11 ,             6535 ,          6507 ,          154
CRAWLED     ,url#95    ,puppeteer    ,2024-07-24T19:41:45.642Z ,         1098   ,           694 ,             6381 ,          6414 ,          154
CRAWLED     ,url#95    ,OpenWPM_HL   ,2024-07-24T19:41:45.740Z ,         4284   ,             0 ,             6479 ,          6455 ,          154
CRAWLED     ,url#95    ,puppeteer_HL ,2024-07-24T19:41:45.647Z ,          751   ,           693 ,             6386 ,          6412 ,          154
CRAWLED     ,url#96    ,OpenWPM      ,2024-07-24T19:42:10.102Z ,         5594   ,            11 ,             6171 ,          6148 ,          236
CRAWLED     ,url#96    ,puppeteer    ,2024-07-24T19:42:10.235Z ,         1124   ,           694 ,             6304 ,          6324 ,          236
CRAWLED     ,url#96    ,OpenWPM_HL   ,2024-07-24T19:42:10.338Z ,         4183   ,             0 ,             6407 ,          6386 ,          236
CRAWLED     ,url#96    ,puppeteer_HL ,2024-07-24T19:42:10.225Z ,          742   ,           693 ,             6294 ,          6318 ,          236
CRAWLED     ,url#97    ,OpenWPM      ,2024-07-24T19:42:34.893Z ,         5795   ,            11 ,             6413 ,          6383 ,          204
CRAWLED     ,url#97    ,puppeteer    ,2024-07-24T19:42:34.983Z ,         1257   ,           694 ,             6503 ,          6533 ,          204
CRAWLED     ,url#97    ,OpenWPM_HL   ,2024-07-24T19:42:34.779Z ,         4252   ,             0 ,             6299 ,          6280 ,          204
CRAWLED     ,url#97    ,puppeteer_HL ,2024-07-24T19:42:34.978Z ,          854   ,           693 ,             6498 ,          6545 ,          204
CRAWLED     ,url#98    ,OpenWPM      ,2024-07-24T19:42:59.602Z ,         5763   ,            11 ,             6569 ,          6436 ,          126
CRAWLED     ,url#98    ,puppeteer    ,2024-07-24T19:42:59.520Z ,         1049   ,           694 ,             6487 ,          6557 ,          126
CRAWLED     ,url#98    ,OpenWPM_HL   ,2024-07-24T19:42:59.476Z ,         4443   ,             0 ,             6443 ,          6422 ,          126
CRAWLED     ,url#98    ,puppeteer_HL ,2024-07-24T19:42:59.499Z ,          615   ,           693 ,             6466 ,          6527 ,          126
CRAWLED     ,url#99    ,OpenWPM      ,2024-07-24T19:43:33.857Z ,         5346   ,            11 ,             6246 ,          6231 ,          264
CRAWLED     ,url#99    ,puppeteer    ,2024-07-24T19:43:33.659Z ,         1095   ,           694 ,             6048 ,          6073 ,          264
CRAWLED     ,url#99    ,OpenWPM_HL   ,2024-07-24T19:43:33.923Z ,         4718   ,             0 ,             6312 ,          6294 ,          264
CRAWLED     ,url#99    ,puppeteer_HL ,2024-07-24T19:43:33.664Z ,          765   ,           693 ,             6053 ,          6076 ,          264
CRAWLED     ,url#100   ,OpenWPM      ,2024-07-24T19:44:08.392Z ,         5653   ,            11 ,             6312 ,          6290 ,          217
CRAWLED     ,url#100   ,puppeteer    ,2024-07-24T19:44:08.441Z ,         1276   ,           694 ,             6361 ,          6386 ,          217
CRAWLED     ,url#100   ,OpenWPM_HL   ,2024-07-24T19:44:08.609Z ,         4413   ,             0 ,             6529 ,          6511 ,          217
CRAWLED     ,url#100   ,puppeteer_HL ,2024-07-24T19:44:08.433Z ,          776   ,           693 ,             6353 ,          6388 ,          217